,type,dir,id_labels,readable_labels,id_label,prob,readable_label,typicality_score,7_score,number,human_score
0,banana,1,"{'07753592-n': 0.980348, '07717410-n': 0.00572604, '07754684-n': 0.00449457, '07716358-n': 0.00445303, '07716906-n': 0.0009952239999999998, '07718747-n': 0.000580317, '07749582-n': 0.0005101369999999999, '03065424-n': 0.000447746, '07718472-n': 0.00037186900000000004, '13133613-n': 0.000348464}","{'banana': 0.980348, 'acorn squash': 0.00572604, 'jackfruit, jak, jack': 0.00449457, 'zucchini, courgette': 0.00445303, 'spaghetti squash': 0.0009952239999999998, 'artichoke, globe artichoke': 0.000580317, 'lemon': 0.0005101369999999999, 'coil, spiral, volute, whorl, helix': 0.000447746, 'cucumber, cuke': 0.00037186900000000004, 'ear, spike, capitulum': 0.000348464}",07753592-n,0.980348,banana,98.03,6.86,1,6.555555555555555
1,banana,2,"{'02606052-n': 0.41746099999999997, '07753592-n': 0.123135, '01950731-n': 0.115428, '01924916-n': 0.0296678, '07579787-n': 0.0218385, '02607072-n': 0.0213516, '07831146-n': 0.0197862, '03908714-n': 0.0175768, '04251144-n': 0.0154691, '03065424-n': 0.0109462}","{'rock beauty, Holocanthus tricolor': 0.41746099999999997, 'banana': 0.123135, 'sea slug, nudibranch': 0.115428, 'flatworm, platyhelminth': 0.0296678, 'plate': 0.0218385, 'anemone fish': 0.0213516, 'carbonara': 0.0197862, 'pencil sharpener': 0.0175768, 'snorkel': 0.0154691, 'coil, spiral, volute, whorl, helix': 0.0109462}",07753592-n,0.123135,banana,12.31,0.86,2,6.083333333333333
2,banana,3,"{'07753592-n': 0.41874700000000004, '03065424-n': 0.411786, '01739381-n': 0.037956000000000004, '03532672-n': 0.0273512, '07930864-n': 0.019478799999999998, '01924916-n': 0.013943200000000001, '01950731-n': 0.0099314, '01729977-n': 0.00726669, '02607072-n': 0.00552936, '04540053-n': 0.00546258}","{'banana': 0.41874700000000004, 'coil, spiral, volute, whorl, helix': 0.411786, 'vine snake': 0.037956000000000004, 'hook, claw': 0.0273512, 'cup': 0.019478799999999998, 'flatworm, platyhelminth': 0.013943200000000001, 'sea slug, nudibranch': 0.0099314, 'green snake, grass snake': 0.00726669, 'anemone fish': 0.00552936, 'volleyball': 0.00546258}",07753592-n,0.418747,banana,41.87,2.93,3,6.194444444444445
3,banana,4,"{'07753592-n': 0.618004, '07720875-n': 0.142925, '07718472-n': 0.0726337, '03065424-n': 0.0178078, '03786901-n': 0.0171679, '01739381-n': 0.015875399999999998, '03627232-n': 0.014015399999999999, '01729977-n': 0.013771799999999999, '07718747-n': 0.010449600000000002, '07742313-n': 0.009523700000000001}","{'banana': 0.618004, 'bell pepper': 0.142925, 'cucumber, cuke': 0.0726337, 'coil, spiral, volute, whorl, helix': 0.0178078, 'mortar': 0.0171679, 'vine snake': 0.015875399999999998, 'knot': 0.014015399999999999, 'green snake, grass snake': 0.013771799999999999, 'artichoke, globe artichoke': 0.010449600000000002, 'Granny Smith': 0.009523700000000001}",07753592-n,0.618004,banana,61.8,4.33,4,5.0
4,banana,5,"{'07753592-n': 0.364579, '07930864-n': 0.121272, '03065424-n': 0.0725849, '03775546-n': 0.054940499999999996, '07742313-n': 0.0447848, '04263257-n': 0.0387749, '03786901-n': 0.0279029, '03825788-n': 0.0263565, '04332243-n': 0.0232113, '03950228-n': 0.0228292}","{'banana': 0.364579, 'cup': 0.121272, 'coil, spiral, volute, whorl, helix': 0.0725849, 'mixing bowl': 0.054940499999999996, 'Granny Smith': 0.0447848, 'soup bowl': 0.0387749, 'mortar': 0.0279029, 'nipple': 0.0263565, 'strainer': 0.0232113, 'pitcher, ewer': 0.0228292}",07753592-n,0.364579,banana,36.46,2.55,5,5.166666666666667
5,banana,6,"{'07753592-n': 0.9627370000000001, '07717410-n': 0.00525043, '07754684-n': 0.00368097, '07716358-n': 0.00301229, '03825788-n': 0.0029129, '12144580-n': 0.00174055, '07716906-n': 0.00124361, '07718472-n': 0.00119308, '13133613-n': 0.00118885, '07749582-n': 0.00112619}","{'banana': 0.9627370000000001, 'acorn squash': 0.00525043, 'jackfruit, jak, jack': 0.00368097, 'zucchini, courgette': 0.00301229, 'nipple': 0.0029129, 'corn': 0.00174055, 'spaghetti squash': 0.00124361, 'cucumber, cuke': 0.00119308, 'ear, spike, capitulum': 0.00118885, 'lemon': 0.00112619}",07753592-n,0.962737,banana,96.27,6.74,6,6.833333333333333
6,banana,7,"{'07753592-n': 1.0, '03255030-n': 0.0, '07831146-n': 0.0, '04325704-n': 0.0, '04116512-n': 0.0, '03063599-n': 0.0, '03355925-n': 0.0, '03888605-n': 0.0, '07697313-n': 0.0, '09229709-n': 0.0}","{'banana': 1.0, 'dumbbell': 0.0, 'carbonara': 0.0, 'stole': 0.0, 'rubber eraser, rubber, pencil eraser': 0.0, 'coffee mug': 0.0, 'flagpole, flagstaff': 0.0, 'parallel bars, bars': 0.0, 'cheeseburger': 0.0, 'bubble': 0.0}",07753592-n,1.0,banana,100.0,7.0,7,6.333333333333333
7,banana,8,"{'07753592-n': 0.878092, '03680355-n': 0.0356656, '03047690-n': 0.03328590000000001, '04133789-n': 0.0225568, '07716906-n': 0.00248008, '04259630-n': 0.00245616, '02910353-n': 0.00234246, '03786901-n': 0.00181263, '04120489-n': 0.00178679, '07684084-n': 0.0015314}","{'banana': 0.878092, 'Loafer': 0.0356656, 'clog, geta, patten, sabot': 0.03328590000000001, 'sandal': 0.0225568, 'spaghetti squash': 0.00248008, 'sombrero': 0.00245616, 'buckle': 0.00234246, 'mortar': 0.00181263, 'running shoe': 0.00178679, 'French loaf': 0.0015314}",07753592-n,0.878092,banana,87.81,6.15,8,6.222222222222222
8,banana,9,"{'07753592-n': 0.892834, '07749582-n': 0.0367536, '03065424-n': 0.00729105, '07747607-n': 0.00643005, '03532672-n': 0.00522206, '03825788-n': 0.0034955, '03786901-n': 0.00317637, '03868863-n': 0.00287517, '03950228-n': 0.00239983, '07930864-n': 0.00218887}","{'banana': 0.892834, 'lemon': 0.0367536, 'coil, spiral, volute, whorl, helix': 0.00729105, 'orange': 0.00643005, 'hook, claw': 0.00522206, 'nipple': 0.0034955, 'mortar': 0.00317637, 'oxygen mask': 0.00287517, 'pitcher, ewer': 0.00239983, 'cup': 0.00218887}",07753592-n,0.892834,banana,89.28,6.25,9,6.138888888888889
9,banana,10,"{'07753592-n': 0.963894, '07718472-n': 0.0245872, '07742313-n': 0.00502093, '03786901-n': 0.00224281, '07720875-n': 0.00133823, '07716358-n': 0.000987018, '03532672-n': 0.000949137, '07749582-n': 0.000361915, '01945685-n': 0.000131849, '03065424-n': 5.94158e-05}","{'banana': 0.963894, 'cucumber, cuke': 0.0245872, 'Granny Smith': 0.00502093, 'mortar': 0.00224281, 'bell pepper': 0.00133823, 'zucchini, courgette': 0.000987018, 'hook, claw': 0.000949137, 'lemon': 0.000361915, 'slug': 0.000131849, 'coil, spiral, volute, whorl, helix': 5.94158e-05}",07753592-n,0.963894,banana,96.39,6.75,10,5.305555555555555
10,banana,11,"{'03532672-n': 0.186443, '03786901-n': 0.168196, '03840681-n': 0.113068, '03680355-n': 0.0767715, '03970156-n': 0.07626770000000001, '03047690-n': 0.0491459, '03825788-n': 0.040357699999999996, '01924916-n': 0.0372657, '01930112-n': 0.028330599999999997, '07753592-n': 0.0244055}","{'hook, claw': 0.186443, 'mortar': 0.168196, 'ocarina, sweet potato': 0.113068, 'Loafer': 0.0767715, ""plunger, plumber's helper"": 0.07626770000000001, 'clog, geta, patten, sabot': 0.0491459, 'nipple': 0.040357699999999996, 'flatworm, platyhelminth': 0.0372657, 'nematode, nematode worm, roundworm': 0.028330599999999997, 'banana': 0.0244055}",07753592-n,0.0244055,banana,2.44,0.17,11,3.3333333333333335
11,banana,12,"{'03908714-n': 0.1588, '04579432-n': 0.10720999999999999, '03794056-n': 0.104821, '03481172-n': 0.0749687, '03825788-n': 0.04953780000000001, '03876231-n': 0.0398688, '03680355-n': 0.0389421, '04154565-n': 0.036967099999999996, '04286575-n': 0.03295630000000001, '02910353-n': 0.032805900000000006}","{'pencil sharpener': 0.1588, 'whistle': 0.10720999999999999, 'mousetrap': 0.104821, 'hammer': 0.0749687, 'nipple': 0.04953780000000001, 'paintbrush': 0.0398688, 'Loafer': 0.0389421, 'screwdriver': 0.036967099999999996, 'spotlight, spot': 0.03295630000000001, 'buckle': 0.032805900000000006}",07753592-n,0.0,banana,0.0,0.0,12,4.333333333333333
12,banana,13,"{'07753592-n': 0.977351, '03873416-n': 0.00387004, '03720891-n': 0.00341867, '02692877-n': 0.00211598, '04154565-n': 0.00157965, '04579432-n': 0.0010358, '02910353-n': 0.000798497, '04033901-n': 0.0007559760000000001, '03532672-n': 0.0006137569999999999, '03388183-n': 0.0005429909999999999}","{'banana': 0.977351, 'paddle, boat paddle': 0.00387004, 'maraca': 0.00341867, 'airship, dirigible': 0.00211598, 'screwdriver': 0.00157965, 'whistle': 0.0010358, 'buckle': 0.000798497, 'quill, quill pen': 0.0007559760000000001, 'hook, claw': 0.0006137569999999999, 'fountain pen': 0.0005429909999999999}",07753592-n,0.977351,banana,97.74,6.84,13,6.555555555555555
13,banana,14,"{'04447861-n': 0.447384, '03532672-n': 0.12109, '01930112-n': 0.046668400000000006, '03584829-n': 0.0457245, '04209239-n': 0.026181700000000002, '06794110-n': 0.0238364, '03424325-n': 0.0231116, '02834397-n': 0.0185082, '03814639-n': 0.0124765, '04540053-n': 0.011351700000000001}","{'toilet seat': 0.447384, 'hook, claw': 0.12109, 'nematode, nematode worm, roundworm': 0.046668400000000006, 'iron, smoothing iron': 0.0457245, 'shower curtain': 0.026181700000000002, 'street sign': 0.0238364, 'gasmask, respirator, gas helmet': 0.0231116, 'bib': 0.0185082, 'neck brace': 0.0124765, 'volleyball': 0.011351700000000001}",07753592-n,0.0,banana,0.0,0.0,14,6.166666666666667
14,banana,15,"{'01945685-n': 0.511153, '03532672-n': 0.202237, '01930112-n': 0.0667527, '01728572-n': 0.0572327, '02526121-n': 0.0440414, '01748264-n': 0.0209763, '01728920-n': 0.0135658, '01924916-n': 0.0129505, '01740131-n': 0.00851982, '01729322-n': 0.00671318}","{'slug': 0.511153, 'hook, claw': 0.202237, 'nematode, nematode worm, roundworm': 0.0667527, 'thunder snake, worm snake, Carphophis amoenus': 0.0572327, 'eel': 0.0440414, 'Indian cobra, Naja naja': 0.0209763, 'ringneck snake, ring-necked snake, ring snake': 0.0135658, 'flatworm, platyhelminth': 0.0129505, 'night snake, Hypsiglena torquata': 0.00851982, 'hognose snake, puff adder, sand viper': 0.00671318}",07753592-n,0.0,banana,0.0,0.0,15,3.5277777777777777
15,banana,16,"{'07753592-n': 0.65047, '07749582-n': 0.195996, '03825788-n': 0.0214623, '01924916-n': 0.00768184, '03720891-n': 0.00766335, '07742313-n': 0.007471800000000001, '07747607-n': 0.00704635, '04579432-n': 0.006703399999999999, '04332243-n': 0.00556556, '04099969-n': 0.00550185}","{'banana': 0.65047, 'lemon': 0.195996, 'nipple': 0.0214623, 'flatworm, platyhelminth': 0.00768184, 'maraca': 0.00766335, 'Granny Smith': 0.007471800000000001, 'orange': 0.00704635, 'whistle': 0.006703399999999999, 'strainer': 0.00556556, 'rocking chair, rocker': 0.00550185}",07753592-n,0.65047,banana,65.05,4.55,16,6.388888888888889
16,beach,1,"{'09399592-n': 0.824225, '09428293-n': 0.148282, '09246464-n': 0.0134161, '09332890-n': 0.00618154, '02894605-n': 0.00546574, '02814860-n': 0.00161287, '09468604-n': 0.000236921, '09421951-n': 0.00022232599999999999, '09472597-n': 8.844440000000001e-05, '09193705-n': 5.37465e-05}","{'promontory, headland, head, foreland': 0.824225, 'seashore, coast, seacoast, sea-coast': 0.148282, 'cliff, drop, drop-off': 0.0134161, 'lakeside, lakeshore': 0.00618154, 'breakwater, groin, groyne, mole, bulwark, seawall, jetty': 0.00546574, 'beacon, lighthouse, beacon light, pharos': 0.00161287, 'valley, vale': 0.000236921, 'sandbar, sand bar': 0.00022232599999999999, 'volcano': 8.844440000000001e-05, 'alp': 5.37465e-05}",09428293-n,0.148282,"seashore, coast, seacoast, sea-coast",14.83,1.04,1,3.7222222222222223
17,beach,2,"{'02951358-n': 0.16516, '02859443-n': 0.130131, '03792972-n': 0.085632, '09332890-n': 0.0822978, '04612504-n': 0.0633181, '03899768-n': 0.037425099999999996, '09421951-n': 0.03088, '09468604-n': 0.0247428, '03697007-n': 0.0216846, '04613696-n': 0.0214335}","{'canoe': 0.16516, 'boathouse': 0.130131, 'mountain tent': 0.085632, 'lakeside, lakeshore': 0.0822978, 'yawl': 0.0633181, 'patio, terrace': 0.037425099999999996, 'sandbar, sand bar': 0.03088, 'valley, vale': 0.0247428, 'lumbermill, sawmill': 0.0216846, 'yurt': 0.0214335}",09428293-n,0.0,"seashore, coast, seacoast, sea-coast",0.0,0.0,2,5.055555555555555
18,beach,3,"{'09428293-n': 0.9008139999999999, '09421951-n': 0.0501774, '09332890-n': 0.01848, '09399592-n': 0.00840676, '09288635-n': 0.00604855, '09472597-n': 0.00508708, '02894605-n': 0.0030203000000000005, '09468604-n': 0.0014126, '09246464-n': 0.0009607169999999999, '02814860-n': 0.00030299900000000003}","{'seashore, coast, seacoast, sea-coast': 0.9008139999999999, 'sandbar, sand bar': 0.0501774, 'lakeside, lakeshore': 0.01848, 'promontory, headland, head, foreland': 0.00840676, 'geyser': 0.00604855, 'volcano': 0.00508708, 'breakwater, groin, groyne, mole, bulwark, seawall, jetty': 0.0030203000000000005, 'valley, vale': 0.0014126, 'cliff, drop, drop-off': 0.0009607169999999999, 'beacon, lighthouse, beacon light, pharos': 0.00030299900000000003}",09428293-n,0.900814,"seashore, coast, seacoast, sea-coast",90.08,6.31,3,6.194444444444445
19,beach,4,"{'09428293-n': 0.857923, '02894605-n': 0.043262800000000004, '09332890-n': 0.0391329, '02814860-n': 0.0185272, '09421951-n': 0.0112961, '09399592-n': 0.00770552, '04606251-n': 0.00372165, '02859443-n': 0.00258035, '09246464-n': 0.00199233, '03216828-n': 0.00193825}","{'seashore, coast, seacoast, sea-coast': 0.857923, 'breakwater, groin, groyne, mole, bulwark, seawall, jetty': 0.043262800000000004, 'lakeside, lakeshore': 0.0391329, 'beacon, lighthouse, beacon light, pharos': 0.0185272, 'sandbar, sand bar': 0.0112961, 'promontory, headland, head, foreland': 0.00770552, 'wreck': 0.00372165, 'boathouse': 0.00258035, 'cliff, drop, drop-off': 0.00199233, 'dock, dockage, docking facility': 0.00193825}",09428293-n,0.857923,"seashore, coast, seacoast, sea-coast",85.79,6.01,4,5.527777777777778
20,beach,5,"{'09428293-n': 0.780208, '09399592-n': 0.20241900000000002, '09421951-n': 0.00490559, '09332890-n': 0.00374464, '09246464-n': 0.00250496, '09468604-n': 0.00195297, '09193705-n': 0.00161988, '02894605-n': 0.000429497, '03216828-n': 0.00038555, '03160309-n': 0.000251171}","{'seashore, coast, seacoast, sea-coast': 0.780208, 'promontory, headland, head, foreland': 0.20241900000000002, 'sandbar, sand bar': 0.00490559, 'lakeside, lakeshore': 0.00374464, 'cliff, drop, drop-off': 0.00250496, 'valley, vale': 0.00195297, 'alp': 0.00161988, 'breakwater, groin, groyne, mole, bulwark, seawall, jetty': 0.000429497, 'dock, dockage, docking facility': 0.00038555, 'dam, dike, dyke': 0.000251171}",09428293-n,0.780208,"seashore, coast, seacoast, sea-coast",78.02,5.46,5,6.555555555555555
21,beach,6,"{'09428293-n': 0.842669, '03216828-n': 0.031241, '04606251-n': 0.0270361, '03933933-n': 0.026035400000000004, '03126707-n': 0.0118464, '03240683-n': 0.00847419, '09332890-n': 0.00588538, '04485082-n': 0.00541264, '03095699-n': 0.00407038, '02894605-n': 0.00312085}","{'seashore, coast, seacoast, sea-coast': 0.842669, 'dock, dockage, docking facility': 0.031241, 'wreck': 0.0270361, 'pier': 0.026035400000000004, 'crane': 0.0118464, 'drilling platform, offshore rig': 0.00847419, 'lakeside, lakeshore': 0.00588538, 'tripod': 0.00541264, 'container ship, containership, container vessel': 0.00407038, 'breakwater, groin, groyne, mole, bulwark, seawall, jetty': 0.00312085}",09428293-n,0.842669,"seashore, coast, seacoast, sea-coast",84.27,5.9,6,5.611111111111111
22,beach,7,"{'09421951-n': 0.87521, '09428293-n': 0.12463900000000001, '09332890-n': 0.000128001, '09256479-n': 1.7832e-05, '04273569-n': 5.01923e-06, '03255030-n': 0.0, '07831146-n': 0.0, '04325704-n': 0.0, '04116512-n': 0.0, '03063599-n': 0.0}","{'sandbar, sand bar': 0.87521, 'seashore, coast, seacoast, sea-coast': 0.12463900000000001, 'lakeside, lakeshore': 0.000128001, 'coral reef': 1.7832e-05, 'speedboat': 5.01923e-06, 'dumbbell': 0.0, 'carbonara': 0.0, 'stole': 0.0, 'rubber eraser, rubber, pencil eraser': 0.0, 'coffee mug': 0.0}",09428293-n,0.124639,"seashore, coast, seacoast, sea-coast",12.46,0.87,7,6.416666666666667
23,beach,8,"{'09421951-n': 0.8582559999999999, '09428293-n': 0.139485, '02894605-n': 0.000428654, '04273569-n': 0.000332606, '09399592-n': 0.000321486, '09332890-n': 0.000280333, '04606251-n': 0.000242629, '09256479-n': 0.000125729, '03933933-n': 0.000106099, '02981792-n': 6.51588e-05}","{'sandbar, sand bar': 0.8582559999999999, 'seashore, coast, seacoast, sea-coast': 0.139485, 'breakwater, groin, groyne, mole, bulwark, seawall, jetty': 0.000428654, 'speedboat': 0.000332606, 'promontory, headland, head, foreland': 0.000321486, 'lakeside, lakeshore': 0.000280333, 'wreck': 0.000242629, 'coral reef': 0.000125729, 'pier': 0.000106099, 'catamaran': 6.51588e-05}",09428293-n,0.139485,"seashore, coast, seacoast, sea-coast",13.95,0.98,8,5.083333333333333
24,beach,9,"{'03388043-n': 0.212569, '04275548-n': 0.13944600000000001, '03160309-n': 0.137398, '03271574-n': 0.0473551, '04311004-n': 0.029235300000000002, '04204347-n': 0.0284853, '02643566-n': 0.0273851, '04366367-n': 0.0213004, '03065424-n': 0.018722799999999998, '03933933-n': 0.016838299999999997}","{'fountain': 0.212569, ""spider web, spider's web"": 0.13944600000000001, 'dam, dike, dyke': 0.137398, 'electric fan, blower': 0.0473551, 'steel arch bridge': 0.029235300000000002, 'shopping cart': 0.0284853, 'lionfish': 0.0273851, 'suspension bridge': 0.0213004, 'coil, spiral, volute, whorl, helix': 0.018722799999999998, 'pier': 0.016838299999999997}",09428293-n,0.0,"seashore, coast, seacoast, sea-coast",0.0,0.0,9,6.166666666666667
25,beach,10,"{'09428293-n': 0.742214, '03888257-n': 0.0553395, '09421951-n': 0.0435168, '02782093-n': 0.0231833, '09246464-n': 0.022129, '07802026-n': 0.00902861, '04606251-n': 0.00890934, '02894605-n': 0.0070461, '09332890-n': 0.00600314, '09399592-n': 0.00566596}","{'seashore, coast, seacoast, sea-coast': 0.742214, 'parachute, chute': 0.0553395, 'sandbar, sand bar': 0.0435168, 'balloon': 0.0231833, 'cliff, drop, drop-off': 0.022129, 'hay': 0.00902861, 'wreck': 0.00890934, 'breakwater, groin, groyne, mole, bulwark, seawall, jetty': 0.0070461, 'lakeside, lakeshore': 0.00600314, 'promontory, headland, head, foreland': 0.00566596}",09428293-n,0.742214,"seashore, coast, seacoast, sea-coast",74.22,5.2,10,6.444444444444445
26,beach,11,"{'09472597-n': 0.43038000000000004, '09288635-n': 0.22939400000000001, '09428293-n': 0.142808, '04266014-n': 0.045732, '09246464-n': 0.0212633, '09399592-n': 0.0194908, '09421951-n': 0.0141537, '01943899-n': 0.0122513, '03773504-n': 0.011859999999999999, '02814860-n': 0.00954808}","{'volcano': 0.43038000000000004, 'geyser': 0.22939400000000001, 'seashore, coast, seacoast, sea-coast': 0.142808, 'space shuttle': 0.045732, 'cliff, drop, drop-off': 0.0212633, 'promontory, headland, head, foreland': 0.0194908, 'sandbar, sand bar': 0.0141537, 'conch': 0.0122513, 'missile': 0.011859999999999999, 'beacon, lighthouse, beacon light, pharos': 0.00954808}",09428293-n,0.142808,"seashore, coast, seacoast, sea-coast",14.28,1.0,11,3.388888888888889
27,beach,12,"{'09399592-n': 0.627165, '09428293-n': 0.344206, '09246464-n': 0.00952694, '02894605-n': 0.00644916, '09421951-n': 0.00500727, '09332890-n': 0.00448888, '02814860-n': 0.00106393, '02687172-n': 0.000730462, '04606251-n': 0.00030528799999999997, '09472597-n': 0.00020255400000000003}","{'promontory, headland, head, foreland': 0.627165, 'seashore, coast, seacoast, sea-coast': 0.344206, 'cliff, drop, drop-off': 0.00952694, 'breakwater, groin, groyne, mole, bulwark, seawall, jetty': 0.00644916, 'sandbar, sand bar': 0.00500727, 'lakeside, lakeshore': 0.00448888, 'beacon, lighthouse, beacon light, pharos': 0.00106393, 'aircraft carrier, carrier, flattop, attack aircraft carrier': 0.000730462, 'wreck': 0.00030528799999999997, 'volcano': 0.00020255400000000003}",09428293-n,0.344206,"seashore, coast, seacoast, sea-coast",34.42,2.41,12,4.083333333333333
28,beach,13,"{'09428293-n': 0.295284, '02066245-n': 0.0370843, '09332890-n': 0.0346114, '09421951-n': 0.031518, '09399592-n': 0.0264323, '01665541-n': 0.026248200000000003, '04136333-n': 0.0255028, '04606251-n': 0.0215312, '02894605-n': 0.0214717, '02077923-n': 0.021271099999999998}","{'seashore, coast, seacoast, sea-coast': 0.295284, 'grey whale, gray whale, devilfish, Eschrichtius gibbosus, Eschrichtius robustus': 0.0370843, 'lakeside, lakeshore': 0.0346114, 'sandbar, sand bar': 0.031518, 'promontory, headland, head, foreland': 0.0264323, 'leatherback turtle, leatherback, leathery turtle, Dermochelys coriacea': 0.026248200000000003, 'sarong': 0.0255028, 'wreck': 0.0215312, 'breakwater, groin, groyne, mole, bulwark, seawall, jetty': 0.0214717, 'sea lion': 0.021271099999999998}",09428293-n,0.295284,"seashore, coast, seacoast, sea-coast",29.53,2.07,13,5.666666666666667
29,beach,14,"{'09421951-n': 0.248104, '09399592-n': 0.243763, '09428293-n': 0.22359400000000001, '09332890-n': 0.0675693, '02894605-n': 0.0320708, '01665541-n': 0.022679400000000002, '04606251-n': 0.022666299999999997, '02077923-n': 0.013907299999999997, '01697457-n': 0.013046200000000003, '09246464-n': 0.0118953}","{'sandbar, sand bar': 0.248104, 'promontory, headland, head, foreland': 0.243763, 'seashore, coast, seacoast, sea-coast': 0.22359400000000001, 'lakeside, lakeshore': 0.0675693, 'breakwater, groin, groyne, mole, bulwark, seawall, jetty': 0.0320708, 'leatherback turtle, leatherback, leathery turtle, Dermochelys coriacea': 0.022679400000000002, 'wreck': 0.022666299999999997, 'sea lion': 0.013907299999999997, 'African crocodile, Nile crocodile, Crocodylus niloticus': 0.013046200000000003, 'cliff, drop, drop-off': 0.0118953}",09428293-n,0.223594,"seashore, coast, seacoast, sea-coast",22.36,1.57,14,4.777777777777778
30,beach,15,"{'09399592-n': 0.8139850000000001, '09428293-n': 0.11413800000000002, '09332890-n': 0.0298694, '09256479-n': 0.0197433, '09246464-n': 0.0191669, '02814860-n': 0.000811655, '09468604-n': 0.000607045, '09421951-n': 0.00041533, '02894605-n': 0.000312532, '01665541-n': 0.00014743299999999998}","{'promontory, headland, head, foreland': 0.8139850000000001, 'seashore, coast, seacoast, sea-coast': 0.11413800000000002, 'lakeside, lakeshore': 0.0298694, 'coral reef': 0.0197433, 'cliff, drop, drop-off': 0.0191669, 'beacon, lighthouse, beacon light, pharos': 0.000811655, 'valley, vale': 0.000607045, 'sandbar, sand bar': 0.00041533, 'breakwater, groin, groyne, mole, bulwark, seawall, jetty': 0.000312532, 'leatherback turtle, leatherback, leathery turtle, Dermochelys coriacea': 0.00014743299999999998}",09428293-n,0.11413800000000003,"seashore, coast, seacoast, sea-coast",11.41,0.8,15,3.888888888888889
31,beach,16,"{'09399592-n': 0.841406, '09246464-n': 0.116977, '09428293-n': 0.0312965, '09332890-n': 0.00291033, '02066245-n': 0.00198553, '09468604-n': 0.00173287, '04606251-n': 0.000557737, '02077923-n': 0.000551186, '03947888-n': 0.000304455, '09256479-n': 0.000274235}","{'promontory, headland, head, foreland': 0.841406, 'cliff, drop, drop-off': 0.116977, 'seashore, coast, seacoast, sea-coast': 0.0312965, 'lakeside, lakeshore': 0.00291033, 'grey whale, gray whale, devilfish, Eschrichtius gibbosus, Eschrichtius robustus': 0.00198553, 'valley, vale': 0.00173287, 'wreck': 0.000557737, 'sea lion': 0.000551186, 'pirate, pirate ship': 0.000304455, 'coral reef': 0.000274235}",09428293-n,0.0312965,"seashore, coast, seacoast, sea-coast",3.13,0.22,16,2.7777777777777777
32,car,1,"{'02814533-n': 0.312566, '04461696-n': 0.14323699999999998, '03670208-n': 0.0974719, '03977966-n': 0.0869667, '02974003-n': 0.0566886, '02701002-n': 0.0432228, '02930766-n': 0.041252, '03930630-n': 0.024162799999999998, '04252225-n': 0.024035, '03594945-n': 0.021961900000000003}","{'beach wagon, station wagon, wagon, estate car, beach waggon, station waggon, waggon': 0.312566, 'tow truck, tow car, wrecker': 0.14323699999999998, 'limousine, limo': 0.0974719, 'police van, police wagon, paddy wagon, patrol wagon, wagon, black Maria': 0.0869667, 'car wheel': 0.0566886, 'ambulance': 0.0432228, 'cab, hack, taxi, taxicab': 0.041252, 'pickup, pickup truck': 0.024162799999999998, 'snowplow, snowplough': 0.024035, 'jeep, landrover': 0.021961900000000003}",02814533-n,0.312566,"beach wagon, station wagon, wagon, estate car, beach waggon, station waggon, waggon",31.26,2.19,1,5.833333333333333
33,car,2,"{'04285008-n': 0.383762, '04037443-n': 0.174585, '02814533-n': 0.0974807, '03895866-n': 0.0472801, '02974003-n': 0.046136800000000006, '03770679-n': 0.0366366, '04592741-n': 0.029248000000000003, '03930630-n': 0.026059699999999998, '02690373-n': 0.0250902, '03100240-n': 0.022707599999999998}","{'sports car, sport car': 0.383762, 'racer, race car, racing car': 0.174585, 'beach wagon, station wagon, wagon, estate car, beach waggon, station waggon, waggon': 0.0974807, 'passenger car, coach, carriage': 0.0472801, 'car wheel': 0.046136800000000006, 'minivan': 0.0366366, 'wing': 0.029248000000000003, 'pickup, pickup truck': 0.026059699999999998, 'airliner': 0.0250902, 'convertible': 0.022707599999999998}",02814533-n,0.0974807,"beach wagon, station wagon, wagon, estate car, beach waggon, station waggon, waggon",9.75,0.68,2,6.638888888888889
34,car,3,"{'04285008-n': 0.543578, '04037443-n': 0.429924, '03930630-n': 0.00884881, '03100240-n': 0.00642383, '02974003-n': 0.00384402, '04461696-n': 0.00126847, '03459775-n': 0.0009601739999999999, '02814533-n': 0.000879353, '03670208-n': 0.000864783, '02860847-n': 0.000685195}","{'sports car, sport car': 0.543578, 'racer, race car, racing car': 0.429924, 'pickup, pickup truck': 0.00884881, 'convertible': 0.00642383, 'car wheel': 0.00384402, 'tow truck, tow car, wrecker': 0.00126847, 'grille, radiator grille': 0.0009601739999999999, 'beach wagon, station wagon, wagon, estate car, beach waggon, station waggon, waggon': 0.000879353, 'limousine, limo': 0.000864783, 'bobsled, bobsleigh, bob': 0.000685195}",02814533-n,0.000879353,"beach wagon, station wagon, wagon, estate car, beach waggon, station waggon, waggon",0.09,0.01,3,6.027777777777778
35,car,4,"{'04037443-n': 0.370818, '04285008-n': 0.268289, '03100240-n': 0.237725, '02974003-n': 0.037479900000000003, '03459775-n': 0.025773400000000005, '03977966-n': 0.00963592, '02701002-n': 0.00788908, '02930766-n': 0.00553613, '03770679-n': 0.00545882, '02814533-n': 0.00404049}","{'racer, race car, racing car': 0.370818, 'sports car, sport car': 0.268289, 'convertible': 0.237725, 'car wheel': 0.037479900000000003, 'grille, radiator grille': 0.025773400000000005, 'police van, police wagon, paddy wagon, patrol wagon, wagon, black Maria': 0.00963592, 'ambulance': 0.00788908, 'cab, hack, taxi, taxicab': 0.00553613, 'minivan': 0.00545882, 'beach wagon, station wagon, wagon, estate car, beach waggon, station waggon, waggon': 0.00404049}",02814533-n,0.00404049,"beach wagon, station wagon, wagon, estate car, beach waggon, station waggon, waggon",0.4,0.03,4,5.472222222222222
36,car,5,"{'02791124-n': 0.431559, '02791270-n': 0.182, '03599486-n': 0.030158099999999997, '03791053-n': 0.0236296, '03777568-n': 0.0223542, '03376595-n': 0.018168, '04336792-n': 0.017763900000000003, '03249569-n': 0.0173181, '03445924-n': 0.011338299999999999, '03250847-n': 0.0107477}","{'barber chair': 0.431559, 'barbershop': 0.182, 'jinrikisha, ricksha, rickshaw': 0.030158099999999997, 'motor scooter, scooter': 0.0236296, 'Model T': 0.0223542, 'folding chair': 0.018168, 'stretcher': 0.017763900000000003, 'drum, membranophone, tympan': 0.0173181, 'golfcart, golf cart': 0.011338299999999999, 'drumstick': 0.0107477}",02814533-n,0.0,"beach wagon, station wagon, wagon, estate car, beach waggon, station waggon, waggon",0.0,0.0,5,6.138888888888889
37,car,6,"{'04037443-n': 0.645679, '04285008-n': 0.260326, '03895866-n': 0.018766400000000003, '02974003-n': 0.0163621, '03670208-n': 0.0135179, '03977966-n': 0.00986695, '04461696-n': 0.00788858, '03930630-n': 0.00779664, '02814533-n': 0.00335142, '04552348-n': 0.00317028}","{'racer, race car, racing car': 0.645679, 'sports car, sport car': 0.260326, 'passenger car, coach, carriage': 0.018766400000000003, 'car wheel': 0.0163621, 'limousine, limo': 0.0135179, 'police van, police wagon, paddy wagon, patrol wagon, wagon, black Maria': 0.00986695, 'tow truck, tow car, wrecker': 0.00788858, 'pickup, pickup truck': 0.00779664, 'beach wagon, station wagon, wagon, estate car, beach waggon, station waggon, waggon': 0.00335142, 'warplane, military plane': 0.00317028}",02814533-n,0.00335142,"beach wagon, station wagon, wagon, estate car, beach waggon, station waggon, waggon",0.34,0.02,6,4.027777777777778
38,car,7,"{'03803284-n': 0.468822, '02814533-n': 0.135695, '03709823-n': 0.07679710000000001, '03100240-n': 0.053195900000000004, '02979186-n': 0.034841500000000004, '02966687-n': 0.0211238, '02910353-n': 0.0210777, '04285008-n': 0.01875, '04517823-n': 0.014515799999999999, '04026417-n': 0.0123192}","{'muzzle': 0.468822, 'beach wagon, station wagon, wagon, estate car, beach waggon, station waggon, waggon': 0.135695, 'mailbag, postbag': 0.07679710000000001, 'convertible': 0.053195900000000004, 'cassette player': 0.034841500000000004, ""carpenter's kit, tool kit"": 0.0211238, 'buckle': 0.0210777, 'sports car, sport car': 0.01875, 'vacuum, vacuum cleaner': 0.014515799999999999, 'purse': 0.0123192}",02814533-n,0.135695,"beach wagon, station wagon, wagon, estate car, beach waggon, station waggon, waggon",13.57,0.95,7,3.9722222222222223
39,car,8,"{'03594945-n': 0.163191, '02814533-n': 0.14445, '03930630-n': 0.129524, '02974003-n': 0.12858699999999998, '04285008-n': 0.10311700000000001, '03100240-n': 0.0844044, '04037443-n': 0.0741552, '03459775-n': 0.057264999999999996, '03770679-n': 0.0324095, '04461696-n': 0.00995328}","{'jeep, landrover': 0.163191, 'beach wagon, station wagon, wagon, estate car, beach waggon, station waggon, waggon': 0.14445, 'pickup, pickup truck': 0.129524, 'car wheel': 0.12858699999999998, 'sports car, sport car': 0.10311700000000001, 'convertible': 0.0844044, 'racer, race car, racing car': 0.0741552, 'grille, radiator grille': 0.057264999999999996, 'minivan': 0.0324095, 'tow truck, tow car, wrecker': 0.00995328}",02814533-n,0.14445,"beach wagon, station wagon, wagon, estate car, beach waggon, station waggon, waggon",14.44,1.01,8,6.444444444444445
40,car,9,"{'03100240-n': 0.45387700000000003, '02814533-n': 0.277009, '03930630-n': 0.106673, '03459775-n': 0.0319171, '03670208-n': 0.0229311, '02974003-n': 0.0191601, '02930766-n': 0.0172272, '04285008-n': 0.015063499999999999, '04037443-n': 0.012406700000000001, '04461696-n': 0.0114944}","{'convertible': 0.45387700000000003, 'beach wagon, station wagon, wagon, estate car, beach waggon, station waggon, waggon': 0.277009, 'pickup, pickup truck': 0.106673, 'grille, radiator grille': 0.0319171, 'limousine, limo': 0.0229311, 'car wheel': 0.0191601, 'cab, hack, taxi, taxicab': 0.0172272, 'sports car, sport car': 0.015063499999999999, 'racer, race car, racing car': 0.012406700000000001, 'tow truck, tow car, wrecker': 0.0114944}",02814533-n,0.277009,"beach wagon, station wagon, wagon, estate car, beach waggon, station waggon, waggon",27.7,1.94,9,5.972222222222222
41,car,10,"{'04285008-n': 0.266801, '04037443-n': 0.19692, '03100240-n': 0.185195, '03770679-n': 0.058463, '02974003-n': 0.054657500000000005, '02814533-n': 0.0496901, '02930766-n': 0.0350259, '03977966-n': 0.0198847, '03930630-n': 0.0112854, '03445924-n': 0.0110816}","{'sports car, sport car': 0.266801, 'racer, race car, racing car': 0.19692, 'convertible': 0.185195, 'minivan': 0.058463, 'car wheel': 0.054657500000000005, 'beach wagon, station wagon, wagon, estate car, beach waggon, station waggon, waggon': 0.0496901, 'cab, hack, taxi, taxicab': 0.0350259, 'police van, police wagon, paddy wagon, patrol wagon, wagon, black Maria': 0.0198847, 'pickup, pickup truck': 0.0112854, 'golfcart, golf cart': 0.0110816}",02814533-n,0.0496901,"beach wagon, station wagon, wagon, estate car, beach waggon, station waggon, waggon",4.97,0.35,10,5.805555555555555
42,car,11,"{'03100240-n': 0.522898, '04285008-n': 0.159864, '04037443-n': 0.0834164, '02814533-n': 0.074058, '02974003-n': 0.051141900000000004, '03459775-n': 0.0504213, '03770679-n': 0.016695599999999998, '03670208-n': 0.012245200000000001, '03930630-n': 0.00761537, '02701002-n': 0.00443896}","{'convertible': 0.522898, 'sports car, sport car': 0.159864, 'racer, race car, racing car': 0.0834164, 'beach wagon, station wagon, wagon, estate car, beach waggon, station waggon, waggon': 0.074058, 'car wheel': 0.051141900000000004, 'grille, radiator grille': 0.0504213, 'minivan': 0.016695599999999998, 'limousine, limo': 0.012245200000000001, 'pickup, pickup truck': 0.00761537, 'ambulance': 0.00443896}",02814533-n,0.074058,"beach wagon, station wagon, wagon, estate car, beach waggon, station waggon, waggon",7.41,0.52,11,5.277777777777778
43,car,12,"{'03100240-n': 0.215079, '04285008-n': 0.195892, '02814533-n': 0.155665, '03930630-n': 0.115836, '02974003-n': 0.07492919999999999, '03770679-n': 0.0589476, '04037443-n': 0.0349675, '03459775-n': 0.027722000000000004, '03670208-n': 0.0248607, '04461696-n': 0.011559700000000001}","{'convertible': 0.215079, 'sports car, sport car': 0.195892, 'beach wagon, station wagon, wagon, estate car, beach waggon, station waggon, waggon': 0.155665, 'pickup, pickup truck': 0.115836, 'car wheel': 0.07492919999999999, 'minivan': 0.0589476, 'racer, race car, racing car': 0.0349675, 'grille, radiator grille': 0.027722000000000004, 'limousine, limo': 0.0248607, 'tow truck, tow car, wrecker': 0.011559700000000001}",02814533-n,0.155665,"beach wagon, station wagon, wagon, estate car, beach waggon, station waggon, waggon",15.57,1.09,12,6.416666666666667
44,car,13,"{'04552348-n': 0.664101, '02690373-n': 0.147208, '04592741-n': 0.127844, '02860847-n': 0.0187191, '04285008-n': 0.00824921, '04008634-n': 0.00638639, '03773504-n': 0.00573322, '04037443-n': 0.0056506, '02687172-n': 0.00425987, '03388183-n': 0.00136668}","{'warplane, military plane': 0.664101, 'airliner': 0.147208, 'wing': 0.127844, 'bobsled, bobsleigh, bob': 0.0187191, 'sports car, sport car': 0.00824921, 'projectile, missile': 0.00638639, 'missile': 0.00573322, 'racer, race car, racing car': 0.0056506, 'aircraft carrier, carrier, flattop, attack aircraft carrier': 0.00425987, 'fountain pen': 0.00136668}",02814533-n,0.0,"beach wagon, station wagon, wagon, estate car, beach waggon, station waggon, waggon",0.0,0.0,13,2.4166666666666665
45,car,14,"{'02814533-n': 0.45283, '02930766-n': 0.20596199999999998, '03930630-n': 0.0596717, '03670208-n': 0.0436473, '03770679-n': 0.0423085, '03459775-n': 0.0388397, '02974003-n': 0.0338529, '03977966-n': 0.0291533, '02701002-n': 0.015500799999999999, '03594945-n': 0.014396700000000002}","{'beach wagon, station wagon, wagon, estate car, beach waggon, station waggon, waggon': 0.45283, 'cab, hack, taxi, taxicab': 0.20596199999999998, 'pickup, pickup truck': 0.0596717, 'limousine, limo': 0.0436473, 'minivan': 0.0423085, 'grille, radiator grille': 0.0388397, 'car wheel': 0.0338529, 'police van, police wagon, paddy wagon, patrol wagon, wagon, black Maria': 0.0291533, 'ambulance': 0.015500799999999999, 'jeep, landrover': 0.014396700000000002}",02814533-n,0.45283,"beach wagon, station wagon, wagon, estate car, beach waggon, station waggon, waggon",45.28,3.17,14,5.666666666666667
46,car,15,"{'04037443-n': 0.711094, '04285008-n': 0.281806, '02974003-n': 0.0025745, '03100240-n': 0.00199535, '02814533-n': 0.000559481, '03459775-n': 0.000487446, '02930766-n': 0.000474914, '03930630-n': 0.000433487, '03670208-n': 0.00014403299999999998, '04461696-n': 0.000142214}","{'racer, race car, racing car': 0.711094, 'sports car, sport car': 0.281806, 'car wheel': 0.0025745, 'convertible': 0.00199535, 'beach wagon, station wagon, wagon, estate car, beach waggon, station waggon, waggon': 0.000559481, 'grille, radiator grille': 0.000487446, 'cab, hack, taxi, taxicab': 0.000474914, 'pickup, pickup truck': 0.000433487, 'limousine, limo': 0.00014403299999999998, 'tow truck, tow car, wrecker': 0.000142214}",02814533-n,0.000559481,"beach wagon, station wagon, wagon, estate car, beach waggon, station waggon, waggon",0.06,0.0,15,3.388888888888889
47,car,16,"{'02951358-n': 0.471279, '03792972-n': 0.09441820000000001, '04285008-n': 0.0696237, '03100240-n': 0.0672617, '03873416-n': 0.0556035, '03680355-n': 0.0544229, '04235860-n': 0.0366889, '02974003-n': 0.0127569, '04133789-n': 0.0109852, '03047690-n': 0.00946825}","{'canoe': 0.471279, 'mountain tent': 0.09441820000000001, 'sports car, sport car': 0.0696237, 'convertible': 0.0672617, 'paddle, boat paddle': 0.0556035, 'Loafer': 0.0544229, 'sleeping bag': 0.0366889, 'car wheel': 0.0127569, 'sandal': 0.0109852, 'clog, geta, patten, sabot': 0.00946825}",02814533-n,0.0,"beach wagon, station wagon, wagon, estate car, beach waggon, station waggon, waggon",0.0,0.0,16,2.6944444444444446
48,church,1,"{'03457902-n': 0.591222, '03220513-n': 0.33267800000000003, '03788195-n': 0.031998, '03028079-n': 0.0118822, '02793495-n': 0.010527600000000002, '03956157-n': 0.00877376, '04613696-n': 0.00356064, '04523525-n': 0.00128096, '04346328-n': 0.001041, '03781244-n': 0.00101071}","{'greenhouse, nursery, glasshouse': 0.591222, 'dome': 0.33267800000000003, 'mosque': 0.031998, 'church, church building': 0.0118822, 'barn': 0.010527600000000002, 'planetarium': 0.00877376, 'yurt': 0.00356064, 'vault': 0.00128096, 'stupa, tope': 0.001041, 'monastery': 0.00101071}",03028079-n,0.0118822,"church, church building",1.19,0.08,1,3.2777777777777777
49,church,2,"{'03028079-n': 0.930169, '02980441-n': 0.038335400000000006, '03781244-n': 0.0244081, '02825657-n': 0.00514392, '02793495-n': 0.000907748, '03877845-n': 0.000285182, '02843684-n': 0.00017849, '09193705-n': 0.00016858200000000002, '02814860-n': 8.14432e-05, '03220513-n': 4.78712e-05}","{'church, church building': 0.930169, 'castle': 0.038335400000000006, 'monastery': 0.0244081, 'bell cote, bell cot': 0.00514392, 'barn': 0.000907748, 'palace': 0.000285182, 'birdhouse': 0.00017849, 'alp': 0.00016858200000000002, 'beacon, lighthouse, beacon light, pharos': 8.14432e-05, 'dome': 4.78712e-05}",03028079-n,0.930169,"church, church building",93.02,6.51,2,5.527777777777778
50,church,3,"{'03781244-n': 0.275922, '02814860-n': 0.201094, '03028079-n': 0.0926699, '02825657-n': 0.09057799999999999, '02980441-n': 0.061029099999999996, '03496892-n': 0.021638, '04346328-n': 0.0203144, '03220513-n': 0.0191744, '04467665-n': 0.015843799999999998, '09246464-n': 0.012582799999999998}","{'monastery': 0.275922, 'beacon, lighthouse, beacon light, pharos': 0.201094, 'church, church building': 0.0926699, 'bell cote, bell cot': 0.09057799999999999, 'castle': 0.061029099999999996, 'harvester, reaper': 0.021638, 'stupa, tope': 0.0203144, 'dome': 0.0191744, 'trailer truck, tractor trailer, trucking rig, rig, articulated lorry, semi': 0.015843799999999998, 'cliff, drop, drop-off': 0.012582799999999998}",03028079-n,0.0926699,"church, church building",9.27,0.65,3,4.166666666666667
51,church,4,"{'03028079-n': 0.9038120000000001, '03781244-n': 0.023505900000000003, '02825657-n': 0.0224783, '03773504-n': 0.0114006, '04008634-n': 0.011267399999999999, '02814860-n': 0.00449736, '03355925-n': 0.0042302, '04355338-n': 0.00327882, '02980441-n': 0.00186926, '03220513-n': 0.00123461}","{'church, church building': 0.9038120000000001, 'monastery': 0.023505900000000003, 'bell cote, bell cot': 0.0224783, 'missile': 0.0114006, 'projectile, missile': 0.011267399999999999, 'beacon, lighthouse, beacon light, pharos': 0.00449736, 'flagpole, flagstaff': 0.0042302, 'sundial': 0.00327882, 'castle': 0.00186926, 'dome': 0.00123461}",03028079-n,0.903812,"church, church building",90.38,6.33,4,4.472222222222222
52,church,5,"{'03028079-n': 0.963261, '02825657-n': 0.0128516, '02793495-n': 0.00883058, '03781244-n': 0.00495538, '02980441-n': 0.00463067, '02814860-n': 0.00202969, '03930313-n': 0.00126371, '03877845-n': 0.000300965, '02843684-n': 0.00022992099999999998, '03220513-n': 0.00020277400000000002}","{'church, church building': 0.963261, 'bell cote, bell cot': 0.0128516, 'barn': 0.00883058, 'monastery': 0.00495538, 'castle': 0.00463067, 'beacon, lighthouse, beacon light, pharos': 0.00202969, 'picket fence, paling': 0.00126371, 'palace': 0.000300965, 'birdhouse': 0.00022992099999999998, 'dome': 0.00020277400000000002}",03028079-n,0.963261,"church, church building",96.33,6.74,5,6.027777777777778
53,church,6,"{'02793495-n': 0.9974200000000001, '03028079-n': 0.00205684, '02859443-n': 0.000492785, '02814860-n': 7.42852e-06, '04604644-n': 6.032000000000001e-06, '02843684-n': 5.32588e-06, '03776460-n': 4.496719999999999e-06, '03930313-n': 3.8151300000000005e-06, '02825657-n': 3.5160400000000006e-06, '03255030-n': 0.0}","{'barn': 0.9974200000000001, 'church, church building': 0.00205684, 'boathouse': 0.000492785, 'beacon, lighthouse, beacon light, pharos': 7.42852e-06, 'worm fence, snake fence, snake-rail fence, Virginia fence': 6.032000000000001e-06, 'birdhouse': 5.32588e-06, 'mobile home, manufactured home': 4.496719999999999e-06, 'picket fence, paling': 3.8151300000000005e-06, 'bell cote, bell cot': 3.5160400000000006e-06, 'dumbbell': 0.0}",03028079-n,0.00205684,"church, church building",0.21,0.01,6,4.805555555555555
54,church,7,"{'03781244-n': 0.345922, '03028079-n': 0.195434, '02814860-n': 0.178841, '02825657-n': 0.0693563, '03220513-n': 0.0427588, '03788195-n': 0.042215499999999996, '03877845-n': 0.0172379, '03903868-n': 0.0157703, '02894605-n': 0.00995357, '02980441-n': 0.00802859}","{'monastery': 0.345922, 'church, church building': 0.195434, 'beacon, lighthouse, beacon light, pharos': 0.178841, 'bell cote, bell cot': 0.0693563, 'dome': 0.0427588, 'mosque': 0.042215499999999996, 'palace': 0.0172379, 'pedestal, plinth, footstall': 0.0157703, 'breakwater, groin, groyne, mole, bulwark, seawall, jetty': 0.00995357, 'castle': 0.00802859}",03028079-n,0.195434,"church, church building",19.54,1.37,7,5.416666666666667
55,church,8,"{'03028079-n': 0.601947, '02793495-n': 0.225719, '02859443-n': 0.113131, '02843684-n': 0.0407926, '03930313-n': 0.00718102, '02814860-n': 0.00426403, '03776460-n': 0.00120259, '02825657-n': 0.00104309, '04258138-n': 0.0007849739999999999, '03781244-n': 0.00044113599999999996}","{'church, church building': 0.601947, 'barn': 0.225719, 'boathouse': 0.113131, 'birdhouse': 0.0407926, 'picket fence, paling': 0.00718102, 'beacon, lighthouse, beacon light, pharos': 0.00426403, 'mobile home, manufactured home': 0.00120259, 'bell cote, bell cot': 0.00104309, 'solar dish, solar collector, solar furnace': 0.0007849739999999999, 'monastery': 0.00044113599999999996}",03028079-n,0.601947,"church, church building",60.19,4.21,8,5.027777777777778
56,church,9,"{'03028079-n': 0.737853, '03781244-n': 0.131847, '03877845-n': 0.0474119, '02825657-n': 0.023803099999999997, '04523525-n': 0.018774000000000002, '02699494-n': 0.0144987, '02980441-n': 0.013738900000000002, '03788195-n': 0.00719034, '03220513-n': 0.00285652, '03854065-n': 0.0005457390000000001}","{'church, church building': 0.737853, 'monastery': 0.131847, 'palace': 0.0474119, 'bell cote, bell cot': 0.023803099999999997, 'vault': 0.018774000000000002, 'altar': 0.0144987, 'castle': 0.013738900000000002, 'mosque': 0.00719034, 'dome': 0.00285652, 'organ, pipe organ': 0.0005457390000000001}",03028079-n,0.737853,"church, church building",73.79,5.17,9,4.361111111111111
57,church,10,"{'03028079-n': 0.794924, '03781244-n': 0.10698099999999999, '02825657-n': 0.08822310000000001, '03877845-n': 0.0035351999999999996, '02980441-n': 0.00186623, '03220513-n': 0.00154479, '04523525-n': 0.00085969, '03788195-n': 0.0006101619999999999, '04486054-n': 0.000327541, '03388043-n': 0.00018349}","{'church, church building': 0.794924, 'monastery': 0.10698099999999999, 'bell cote, bell cot': 0.08822310000000001, 'palace': 0.0035351999999999996, 'castle': 0.00186623, 'dome': 0.00154479, 'vault': 0.00085969, 'mosque': 0.0006101619999999999, 'triumphal arch': 0.000327541, 'fountain': 0.00018349}",03028079-n,0.794924,"church, church building",79.49,5.56,10,3.8333333333333335
58,church,11,"{'04005630-n': 0.21259, '03347037-n': 0.107244, '03956157-n': 0.106728, '03776460-n': 0.084366, '02793495-n': 0.0698839, '03781244-n': 0.06042569999999999, '04523525-n': 0.0551807, '03028079-n': 0.028692400000000003, '04589890-n': 0.0184032, '03220513-n': 0.0178319}","{'prison, prison house': 0.21259, 'fire screen, fireguard': 0.107244, 'planetarium': 0.106728, 'mobile home, manufactured home': 0.084366, 'barn': 0.0698839, 'monastery': 0.06042569999999999, 'vault': 0.0551807, 'church, church building': 0.028692400000000003, 'window screen': 0.0184032, 'dome': 0.0178319}",03028079-n,0.028692400000000007,"church, church building",2.87,0.2,11,3.5277777777777777
59,church,12,"{'03028079-n': 0.86997, '03220513-n': 0.0883831, '03781244-n': 0.0366473, '03877845-n': 0.00367947, '02825657-n': 0.000566622, '03788195-n': 0.000331888, '02980441-n': 0.000150542, '04523525-n': 0.000150023, '02699494-n': 5.913e-05, '03388043-n': 3.25582e-05}","{'church, church building': 0.86997, 'dome': 0.0883831, 'monastery': 0.0366473, 'palace': 0.00367947, 'bell cote, bell cot': 0.000566622, 'mosque': 0.000331888, 'castle': 0.000150542, 'vault': 0.000150023, 'altar': 5.913e-05, 'fountain': 3.25582e-05}",03028079-n,0.86997,"church, church building",87.0,6.09,12,5.027777777777778
60,church,13,"{'03028079-n': 0.967397, '02793495-n': 0.019457299999999997, '03781244-n': 0.010204099999999999, '02980441-n': 0.00146929, '02825657-n': 0.0012884, '02859443-n': 0.000123967, '02814860-n': 5.9677700000000006e-05, '03255030-n': 0.0, '07831146-n': 0.0, '04325704-n': 0.0}","{'church, church building': 0.967397, 'barn': 0.019457299999999997, 'monastery': 0.010204099999999999, 'castle': 0.00146929, 'bell cote, bell cot': 0.0012884, 'boathouse': 0.000123967, 'beacon, lighthouse, beacon light, pharos': 5.9677700000000006e-05, 'dumbbell': 0.0, 'carbonara': 0.0, 'stole': 0.0}",03028079-n,0.967397,"church, church building",96.74,6.77,13,4.333333333333333
61,church,14,"{'03877845-n': 0.666856, '03781244-n': 0.105054, '03447447-n': 0.05274740000000001, '02980441-n': 0.05239169999999999, '03028079-n': 0.038284399999999996, '02825657-n': 0.0131344, '03788195-n': 0.00933922, '03032252-n': 0.00730588, '03220513-n': 0.00512157, '04372370-n': 0.00292337}","{'palace': 0.666856, 'monastery': 0.105054, 'gondola': 0.05274740000000001, 'castle': 0.05239169999999999, 'church, church building': 0.038284399999999996, 'bell cote, bell cot': 0.0131344, 'mosque': 0.00933922, 'cinema, movie theater, movie theatre, movie house, picture palace': 0.00730588, 'dome': 0.00512157, 'switch, electric switch, electrical switch': 0.00292337}",03028079-n,0.0382844,"church, church building",3.83,0.27,14,5.194444444444445
62,church,15,"{'04346328-n': 0.199472, '03028079-n': 0.08030570000000001, '03781244-n': 0.0511357, '03891251-n': 0.047071100000000005, '04435653-n': 0.0457392, '02980441-n': 0.0435399, '02825657-n': 0.041208, '04604644-n': 0.038576599999999996, '02950826-n': 0.0327622, '03388043-n': 0.0282046}","{'stupa, tope': 0.199472, 'church, church building': 0.08030570000000001, 'monastery': 0.0511357, 'park bench': 0.047071100000000005, 'tile roof': 0.0457392, 'castle': 0.0435399, 'bell cote, bell cot': 0.041208, 'worm fence, snake fence, snake-rail fence, Virginia fence': 0.038576599999999996, 'cannon': 0.0327622, 'fountain': 0.0282046}",03028079-n,0.08030570000000001,"church, church building",8.03,0.56,15,2.4444444444444446
63,church,16,"{'03877845-n': 0.406769, '03028079-n': 0.297482, '02980441-n': 0.122823, '03781244-n': 0.115354, '02825657-n': 0.023335400000000003, '04486054-n': 0.0119538, '03788195-n': 0.00551893, '03388043-n': 0.00311058, '04523525-n': 0.00265359, '03220513-n': 0.00240532}","{'palace': 0.406769, 'church, church building': 0.297482, 'castle': 0.122823, 'monastery': 0.115354, 'bell cote, bell cot': 0.023335400000000003, 'triumphal arch': 0.0119538, 'mosque': 0.00551893, 'fountain': 0.00311058, 'vault': 0.00265359, 'dome': 0.00240532}",03028079-n,0.297482,"church, church building",29.75,2.08,16,5.722222222222222
64,lighthouse,1,"{'02814860-n': 0.963491, '02894605-n': 0.0256223, '02687172-n': 0.00266703, '02980441-n': 0.00256441, '03240683-n': 0.00111365, '04347754-n': 0.0007410919999999999, '03344393-n': 0.000654077, '03773504-n': 0.000531481, '03216828-n': 0.0005179830000000001, '03095699-n': 0.00039072}","{'beacon, lighthouse, beacon light, pharos': 0.963491, 'breakwater, groin, groyne, mole, bulwark, seawall, jetty': 0.0256223, 'aircraft carrier, carrier, flattop, attack aircraft carrier': 0.00266703, 'castle': 0.00256441, 'drilling platform, offshore rig': 0.00111365, 'submarine, pigboat, sub, U-boat': 0.0007410919999999999, 'fireboat': 0.000654077, 'missile': 0.000531481, 'dock, dockage, docking facility': 0.0005179830000000001, 'container ship, containership, container vessel': 0.00039072}",02814860-n,0.963491,"beacon, lighthouse, beacon light, pharos",96.35,6.74,1,4.861111111111111
65,lighthouse,2,"{'02814860-n': 0.909818, '02894605-n': 0.0893914, '04347754-n': 0.000339544, '09399592-n': 0.000164056, '02980441-n': 8.10527e-05, '09332890-n': 4.37682e-05, '04606251-n': 3.42101e-05, '02859443-n': 2.87321e-05, '03781244-n': 1.92995e-05, '03933933-n': 1.42033e-05}","{'beacon, lighthouse, beacon light, pharos': 0.909818, 'breakwater, groin, groyne, mole, bulwark, seawall, jetty': 0.0893914, 'submarine, pigboat, sub, U-boat': 0.000339544, 'promontory, headland, head, foreland': 0.000164056, 'castle': 8.10527e-05, 'lakeside, lakeshore': 4.37682e-05, 'wreck': 3.42101e-05, 'boathouse': 2.87321e-05, 'monastery': 1.92995e-05, 'pier': 1.42033e-05}",02814860-n,0.909818,"beacon, lighthouse, beacon light, pharos",90.98,6.37,2,4.361111111111111
66,lighthouse,3,"{'02814860-n': 0.398925, '04347754-n': 0.09844850000000001, '02894605-n': 0.093575, '03095699-n': 0.08580650000000001, '03240683-n': 0.0807604, '03673027-n': 0.0646392, '03344393-n': 0.0365974, '03216828-n': 0.0260949, '03933933-n': 0.024185599999999998, '02687172-n': 0.0176658}","{'beacon, lighthouse, beacon light, pharos': 0.398925, 'submarine, pigboat, sub, U-boat': 0.09844850000000001, 'breakwater, groin, groyne, mole, bulwark, seawall, jetty': 0.093575, 'container ship, containership, container vessel': 0.08580650000000001, 'drilling platform, offshore rig': 0.0807604, 'liner, ocean liner': 0.0646392, 'fireboat': 0.0365974, 'dock, dockage, docking facility': 0.0260949, 'pier': 0.024185599999999998, 'aircraft carrier, carrier, flattop, attack aircraft carrier': 0.0176658}",02814860-n,0.398925,"beacon, lighthouse, beacon light, pharos",39.89,2.79,3,4.388888888888889
67,lighthouse,4,"{'02814860-n': 0.90661, '04562935-n': 0.0670614, '03788195-n': 0.00636168, '03220513-n': 0.00437236, '03903868-n': 0.00257043, '02825657-n': 0.00174032, '02894605-n': 0.00160403, '04557648-n': 0.00107425, '03028079-n': 0.000716857, '03983396-n': 0.0006794189999999999}","{'beacon, lighthouse, beacon light, pharos': 0.90661, 'water tower': 0.0670614, 'mosque': 0.00636168, 'dome': 0.00437236, 'pedestal, plinth, footstall': 0.00257043, 'bell cote, bell cot': 0.00174032, 'breakwater, groin, groyne, mole, bulwark, seawall, jetty': 0.00160403, 'water bottle': 0.00107425, 'church, church building': 0.000716857, 'pop bottle, soda bottle': 0.0006794189999999999}",02814860-n,0.90661,"beacon, lighthouse, beacon light, pharos",90.66,6.35,4,5.888888888888889
68,lighthouse,5,"{'02814860-n': 0.9842200000000001, '02894605-n': 0.0157799, '03255030-n': 0.0, '07831146-n': 0.0, '04325704-n': 0.0, '04116512-n': 0.0, '03063599-n': 0.0, '03355925-n': 0.0, '03888605-n': 0.0, '07697313-n': 0.0}","{'beacon, lighthouse, beacon light, pharos': 0.9842200000000001, 'breakwater, groin, groyne, mole, bulwark, seawall, jetty': 0.0157799, 'dumbbell': 0.0, 'carbonara': 0.0, 'stole': 0.0, 'rubber eraser, rubber, pencil eraser': 0.0, 'coffee mug': 0.0, 'flagpole, flagstaff': 0.0, 'parallel bars, bars': 0.0, 'cheeseburger': 0.0}",02814860-n,0.98422,"beacon, lighthouse, beacon light, pharos",98.42,6.89,5,6.027777777777778
69,lighthouse,6,"{'02814860-n': 0.9506959999999999, '02894605-n': 0.0425294, '03240683-n': 0.00256021, '09399592-n': 0.000754039, '03903868-n': 0.00047316400000000004, '09332890-n': 0.000291841, '03216828-n': 0.000206871, '09246464-n': 0.000194088, '03933933-n': 0.000163055, '09428293-n': 0.000160055}","{'beacon, lighthouse, beacon light, pharos': 0.9506959999999999, 'breakwater, groin, groyne, mole, bulwark, seawall, jetty': 0.0425294, 'drilling platform, offshore rig': 0.00256021, 'promontory, headland, head, foreland': 0.000754039, 'pedestal, plinth, footstall': 0.00047316400000000004, 'lakeside, lakeshore': 0.000291841, 'dock, dockage, docking facility': 0.000206871, 'cliff, drop, drop-off': 0.000194088, 'pier': 0.000163055, 'seashore, coast, seacoast, sea-coast': 0.000160055}",02814860-n,0.950696,"beacon, lighthouse, beacon light, pharos",95.07,6.65,6,5.75
70,lighthouse,7,"{'09399592-n': 0.475204, '09428293-n': 0.282683, '09332890-n': 0.0983737, '03216828-n': 0.0256461, '03160309-n': 0.022890099999999997, '09421951-n': 0.018143400000000004, '04311004-n': 0.0151833, '02894605-n': 0.012336, '03933933-n': 0.0119275, '09468604-n': 0.00917324}","{'promontory, headland, head, foreland': 0.475204, 'seashore, coast, seacoast, sea-coast': 0.282683, 'lakeside, lakeshore': 0.0983737, 'dock, dockage, docking facility': 0.0256461, 'dam, dike, dyke': 0.022890099999999997, 'sandbar, sand bar': 0.018143400000000004, 'steel arch bridge': 0.0151833, 'breakwater, groin, groyne, mole, bulwark, seawall, jetty': 0.012336, 'pier': 0.0119275, 'valley, vale': 0.00917324}",02814860-n,0.0,"beacon, lighthouse, beacon light, pharos",0.0,0.0,7,5.472222222222222
71,lighthouse,8,"{'02894605-n': 0.41103100000000004, '02859443-n': 0.18946500000000002, '03933933-n': 0.134985, '03216828-n': 0.0457443, '03160309-n': 0.0394329, '09332890-n': 0.0342337, '04311004-n': 0.0247363, '02814860-n': 0.020731799999999998, '03874293-n': 0.0195705, '03344393-n': 0.0170165}","{'breakwater, groin, groyne, mole, bulwark, seawall, jetty': 0.41103100000000004, 'boathouse': 0.18946500000000002, 'pier': 0.134985, 'dock, dockage, docking facility': 0.0457443, 'dam, dike, dyke': 0.0394329, 'lakeside, lakeshore': 0.0342337, 'steel arch bridge': 0.0247363, 'beacon, lighthouse, beacon light, pharos': 0.020731799999999998, 'paddlewheel, paddle wheel': 0.0195705, 'fireboat': 0.0170165}",02814860-n,0.0207318,"beacon, lighthouse, beacon light, pharos",2.07,0.14,8,2.4444444444444446
72,lighthouse,9,"{'02814860-n': 0.272933, '03467068-n': 0.11915799999999999, '03240683-n': 0.0454226, '03976657-n': 0.045159899999999996, '03062245-n': 0.0332051, '04458633-n': 0.0323084, '03983396-n': 0.0259233, '03425413-n': 0.0250137, '04456115-n': 0.021305, '03666591-n': 0.016944900000000002}","{'beacon, lighthouse, beacon light, pharos': 0.272933, 'guillotine': 0.11915799999999999, 'drilling platform, offshore rig': 0.0454226, 'pole': 0.045159899999999996, 'cocktail shaker': 0.0332051, 'totem pole': 0.0323084, 'pop bottle, soda bottle': 0.0259233, 'gas pump, gasoline pump, petrol pump, island dispenser': 0.0250137, 'torch': 0.021305, 'lighter, light, igniter, ignitor': 0.016944900000000002}",02814860-n,0.272933,"beacon, lighthouse, beacon light, pharos",27.29,1.91,9,4.638888888888889
73,lighthouse,10,"{'02814860-n': 0.965131, '02894605-n': 0.0254814, '02980441-n': 0.00485068, '03743016-n': 0.00212789, '04562935-n': 0.000267055, '03028079-n': 0.00026563, '04606251-n': 0.000232223, '03095699-n': 0.000200078, '02793495-n': 0.000179505, '03903868-n': 0.00012184899999999999}","{'beacon, lighthouse, beacon light, pharos': 0.965131, 'breakwater, groin, groyne, mole, bulwark, seawall, jetty': 0.0254814, 'castle': 0.00485068, 'megalith, megalithic structure': 0.00212789, 'water tower': 0.000267055, 'church, church building': 0.00026563, 'wreck': 0.000232223, 'container ship, containership, container vessel': 0.000200078, 'barn': 0.000179505, 'pedestal, plinth, footstall': 0.00012184899999999999}",02814860-n,0.965131,"beacon, lighthouse, beacon light, pharos",96.51,6.76,10,5.944444444444445
74,lighthouse,11,"{'02814860-n': 0.911415, '02894605-n': 0.07741569999999999, '03781244-n': 0.00299453, '03028079-n': 0.00281702, '02859443-n': 0.00160358, '02825657-n': 0.0008990410000000001, '09399592-n': 0.000469522, '03220513-n': 0.000320761, '03160309-n': 0.000309939, '04347754-n': 0.000213887}","{'beacon, lighthouse, beacon light, pharos': 0.911415, 'breakwater, groin, groyne, mole, bulwark, seawall, jetty': 0.07741569999999999, 'monastery': 0.00299453, 'church, church building': 0.00281702, 'boathouse': 0.00160358, 'bell cote, bell cot': 0.0008990410000000001, 'promontory, headland, head, foreland': 0.000469522, 'dome': 0.000320761, 'dam, dike, dyke': 0.000309939, 'submarine, pigboat, sub, U-boat': 0.000213887}",02814860-n,0.911415,"beacon, lighthouse, beacon light, pharos",91.14,6.38,11,4.277777777777778
75,lighthouse,12,"{'02814860-n': 0.9032879999999999, '09835506-n': 0.023259400000000003, '03976657-n': 0.0113405, '02799071-n': 0.00481358, '03903868-n': 0.00438193, '03773504-n': 0.0033774, '03355925-n': 0.0033618000000000003, '04254680-n': 0.00287264, '03134739-n': 0.00258118, '04008634-n': 0.00232998}","{'beacon, lighthouse, beacon light, pharos': 0.9032879999999999, 'ballplayer, baseball player': 0.023259400000000003, 'pole': 0.0113405, 'baseball': 0.00481358, 'pedestal, plinth, footstall': 0.00438193, 'missile': 0.0033774, 'flagpole, flagstaff': 0.0033618000000000003, 'soccer ball': 0.00287264, 'croquet ball': 0.00258118, 'projectile, missile': 0.00232998}",02814860-n,0.903288,"beacon, lighthouse, beacon light, pharos",90.33,6.32,12,4.972222222222222
76,lighthouse,13,"{'02814860-n': 0.20372300000000002, '03344393-n': 0.167717, '02894605-n': 0.161197, '03216828-n': 0.150594, '03240683-n': 0.05944169999999999, '03662601-n': 0.040645099999999997, '03947888-n': 0.028043799999999997, '04147183-n': 0.0234589, '04606251-n': 0.0223253, '02687172-n': 0.0211429}","{'beacon, lighthouse, beacon light, pharos': 0.20372300000000002, 'fireboat': 0.167717, 'breakwater, groin, groyne, mole, bulwark, seawall, jetty': 0.161197, 'dock, dockage, docking facility': 0.150594, 'drilling platform, offshore rig': 0.05944169999999999, 'lifeboat': 0.040645099999999997, 'pirate, pirate ship': 0.028043799999999997, 'schooner': 0.0234589, 'wreck': 0.0223253, 'aircraft carrier, carrier, flattop, attack aircraft carrier': 0.0211429}",02814860-n,0.203723,"beacon, lighthouse, beacon light, pharos",20.37,1.43,13,2.861111111111111
77,lighthouse,14,"{'03095699-n': 0.751948, '03240683-n': 0.174743, '02894605-n': 0.0161741, '02814860-n': 0.014080100000000002, '03216828-n': 0.00800559, '03344393-n': 0.00699772, '04606251-n': 0.00613074, '03662601-n': 0.00611779, '03947888-n': 0.00598679, '03673027-n': 0.00381163}","{'container ship, containership, container vessel': 0.751948, 'drilling platform, offshore rig': 0.174743, 'breakwater, groin, groyne, mole, bulwark, seawall, jetty': 0.0161741, 'beacon, lighthouse, beacon light, pharos': 0.014080100000000002, 'dock, dockage, docking facility': 0.00800559, 'fireboat': 0.00699772, 'wreck': 0.00613074, 'lifeboat': 0.00611779, 'pirate, pirate ship': 0.00598679, 'liner, ocean liner': 0.00381163}",02814860-n,0.014080100000000003,"beacon, lighthouse, beacon light, pharos",1.41,0.1,14,4.027777777777778
78,lighthouse,15,"{'02814860-n': 0.7565850000000001, '03220513-n': 0.0732686, '03781244-n': 0.0570798, '03877845-n': 0.0566495, '03930313-n': 0.0138431, '03028079-n': 0.00828214, '03788195-n': 0.00717376, '02825657-n': 0.00676086, '03355925-n': 0.00470132, '04562935-n': 0.00392035}","{'beacon, lighthouse, beacon light, pharos': 0.7565850000000001, 'dome': 0.0732686, 'monastery': 0.0570798, 'palace': 0.0566495, 'picket fence, paling': 0.0138431, 'church, church building': 0.00828214, 'mosque': 0.00717376, 'bell cote, bell cot': 0.00676086, 'flagpole, flagstaff': 0.00470132, 'water tower': 0.00392035}",02814860-n,0.7565850000000001,"beacon, lighthouse, beacon light, pharos",75.66,5.3,15,2.888888888888889
79,lighthouse,16,"{'03733131-n': 0.20985399999999998, '03240683-n': 0.18923399999999999, '02814860-n': 0.134024, '03126707-n': 0.05812869999999999, '04458633-n': 0.0458869, '03976657-n': 0.0376547, '04483307-n': 0.0189442, '02981792-n': 0.0180929, '03888257-n': 0.0171153, '11879895-n': 0.0122586}","{'maypole': 0.20985399999999998, 'drilling platform, offshore rig': 0.18923399999999999, 'beacon, lighthouse, beacon light, pharos': 0.134024, 'crane': 0.05812869999999999, 'totem pole': 0.0458869, 'pole': 0.0376547, 'trimaran': 0.0189442, 'catamaran': 0.0180929, 'parachute, chute': 0.0171153, 'rapeseed': 0.0122586}",02814860-n,0.134024,"beacon, lighthouse, beacon light, pharos",13.4,0.94,16,4.138888888888889
80,mountain,1,"{'09332890-n': 0.49791599999999997, '09193705-n': 0.143593, '09399592-n': 0.138696, '09472597-n': 0.072952, '09468604-n': 0.0495575, '09428293-n': 0.024494400000000003, '09246464-n': 0.0129439, '02782093-n': 0.00830219, '04366367-n': 0.00645816, '02980441-n': 0.00483305}","{'lakeside, lakeshore': 0.49791599999999997, 'alp': 0.143593, 'promontory, headland, head, foreland': 0.138696, 'volcano': 0.072952, 'valley, vale': 0.0495575, 'seashore, coast, seacoast, sea-coast': 0.024494400000000003, 'cliff, drop, drop-off': 0.0129439, 'balloon': 0.00830219, 'suspension bridge': 0.00645816, 'castle': 0.00483305}",09193705-n,0.143593,alp,14.36,1.01,1,5.666666666666667
81,mountain,2,"{'09472597-n': 0.5902189999999999, '04592741-n': 0.191773, '09399592-n': 0.059377, '09421951-n': 0.05506269999999999, '09428293-n': 0.0334054, '01664065-n': 0.012931299999999998, '09332890-n': 0.00671976, '01665541-n': 0.00667966, '09468604-n': 0.00663233, '09193705-n': 0.00447189}","{'volcano': 0.5902189999999999, 'wing': 0.191773, 'promontory, headland, head, foreland': 0.059377, 'sandbar, sand bar': 0.05506269999999999, 'seashore, coast, seacoast, sea-coast': 0.0334054, 'loggerhead, loggerhead turtle, Caretta caretta': 0.012931299999999998, 'lakeside, lakeshore': 0.00671976, 'leatherback turtle, leatherback, leathery turtle, Dermochelys coriacea': 0.00667966, 'valley, vale': 0.00663233, 'alp': 0.00447189}",09193705-n,0.00447189,alp,0.45,0.03,2,5.777777777777778
82,mountain,3,"{'09193705-n': 0.386212, '09288635-n': 0.207181, '09468604-n': 0.15055, '09332890-n': 0.113692, '02951358-n': 0.0177485, '02415577-n': 0.010067, '04252077-n': 0.00810487, '04389033-n': 0.0072845, '04604644-n': 0.00692595, '02704792-n': 0.00680192}","{'alp': 0.386212, 'geyser': 0.207181, 'valley, vale': 0.15055, 'lakeside, lakeshore': 0.113692, 'canoe': 0.0177485, 'bighorn, bighorn sheep, cimarron, Rocky Mountain bighorn, Rocky Mountain sheep, Ovis canadensis': 0.010067, 'snowmobile': 0.00810487, 'tank, army tank, armored combat vehicle, armoured combat vehicle': 0.0072845, 'worm fence, snake fence, snake-rail fence, Virginia fence': 0.00692595, 'amphibian, amphibious vehicle': 0.00680192}",09193705-n,0.386212,alp,38.62,2.7,3,3.8055555555555554
83,mountain,4,"{'09468604-n': 0.369394, '03792972-n': 0.118976, '09399592-n': 0.10995999999999999, '09472597-n': 0.102656, '04592741-n': 0.0702832, '09332890-n': 0.0552327, '03873416-n': 0.045748000000000004, '02951358-n': 0.0449159, '09421951-n': 0.0398665, '09193705-n': 0.0158738}","{'valley, vale': 0.369394, 'mountain tent': 0.118976, 'promontory, headland, head, foreland': 0.10995999999999999, 'volcano': 0.102656, 'wing': 0.0702832, 'lakeside, lakeshore': 0.0552327, 'paddle, boat paddle': 0.045748000000000004, 'canoe': 0.0449159, 'sandbar, sand bar': 0.0398665, 'alp': 0.0158738}",09193705-n,0.0158738,alp,1.59,0.11,4,5.416666666666667
84,mountain,5,"{'09193705-n': 0.42726000000000003, '09468604-n': 0.409275, '09472597-n': 0.049947399999999996, '09246464-n': 0.0325487, '09332890-n': 0.0216083, '09399592-n': 0.00607628, '02415577-n': 0.00539956, '04044716-n': 0.00366167, '02412080-n': 0.00339211, '04311004-n': 0.00286146}","{'alp': 0.42726000000000003, 'valley, vale': 0.409275, 'volcano': 0.049947399999999996, 'cliff, drop, drop-off': 0.0325487, 'lakeside, lakeshore': 0.0216083, 'promontory, headland, head, foreland': 0.00607628, 'bighorn, bighorn sheep, cimarron, Rocky Mountain bighorn, Rocky Mountain sheep, Ovis canadensis': 0.00539956, 'radio telescope, radio reflector': 0.00366167, 'ram, tup': 0.00339211, 'steel arch bridge': 0.00286146}",09193705-n,0.42726,alp,42.73,2.99,5,6.527777777777778
85,mountain,6,"{'09472597-n': 0.642404, '09468604-n': 0.245419, '09193705-n': 0.0924771, '09399592-n': 0.00953867, '09246464-n': 0.00300037, '03792972-n': 0.000875095, '09332890-n': 0.000547579, '02408429-n': 0.000435648, '04613696-n': 0.00041612400000000003, '03792782-n': 0.00035868300000000005}","{'volcano': 0.642404, 'valley, vale': 0.245419, 'alp': 0.0924771, 'promontory, headland, head, foreland': 0.00953867, 'cliff, drop, drop-off': 0.00300037, 'mountain tent': 0.000875095, 'lakeside, lakeshore': 0.000547579, 'water buffalo, water ox, Asiatic buffalo, Bubalus bubalis': 0.000435648, 'yurt': 0.00041612400000000003, 'mountain bike, all-terrain bike, off-roader': 0.00035868300000000005}",09193705-n,0.0924771,alp,9.25,0.65,6,5.611111111111111
86,mountain,7,"{'09468604-n': 0.186504, '09193705-n': 0.13828900000000002, '09246464-n': 0.134267, '09472597-n': 0.085865, '02403003-n': 0.0563586, '02422106-n': 0.050658999999999996, '03792972-n': 0.0470006, '01491361-n': 0.0312783, '09399592-n': 0.0198902, '02417914-n': 0.0141713}","{'valley, vale': 0.186504, 'alp': 0.13828900000000002, 'cliff, drop, drop-off': 0.134267, 'volcano': 0.085865, 'ox': 0.0563586, 'hartebeest': 0.050658999999999996, 'mountain tent': 0.0470006, 'tiger shark, Galeocerdo cuvieri': 0.0312783, 'promontory, headland, head, foreland': 0.0198902, 'ibex, Capra ibex': 0.0141713}",09193705-n,0.13828900000000002,alp,13.83,0.97,7,4.916666666666667
87,mountain,8,"{'09468604-n': 0.30838000000000004, '09428293-n': 0.234231, '09193705-n': 0.174215, '09399592-n': 0.122456, '09332890-n': 0.0504057, '09472597-n': 0.0190521, '09246464-n': 0.018895500000000003, '09421951-n': 0.017271599999999998, '04604644-n': 0.00653092, '09288635-n': 0.00555464}","{'valley, vale': 0.30838000000000004, 'seashore, coast, seacoast, sea-coast': 0.234231, 'alp': 0.174215, 'promontory, headland, head, foreland': 0.122456, 'lakeside, lakeshore': 0.0504057, 'volcano': 0.0190521, 'cliff, drop, drop-off': 0.018895500000000003, 'sandbar, sand bar': 0.017271599999999998, 'worm fence, snake fence, snake-rail fence, Virginia fence': 0.00653092, 'geyser': 0.00555464}",09193705-n,0.174215,alp,17.42,1.22,8,5.027777777777778
88,mountain,9,"{'09472597-n': 0.665292, '09468604-n': 0.111474, '09193705-n': 0.10561500000000001, '03160309-n': 0.018997099999999996, '04311004-n': 0.013083000000000001, '04366367-n': 0.011675, '09332890-n': 0.010716799999999999, '04435653-n': 0.00909986, '09399592-n': 0.00688891, '09246464-n': 0.00589226}","{'volcano': 0.665292, 'valley, vale': 0.111474, 'alp': 0.10561500000000001, 'dam, dike, dyke': 0.018997099999999996, 'steel arch bridge': 0.013083000000000001, 'suspension bridge': 0.011675, 'lakeside, lakeshore': 0.010716799999999999, 'tile roof': 0.00909986, 'promontory, headland, head, foreland': 0.00688891, 'cliff, drop, drop-off': 0.00589226}",09193705-n,0.105615,alp,10.56,0.74,9,6.138888888888889
89,mountain,10,"{'09468604-n': 0.902327, '09193705-n': 0.0759696, '09472597-n': 0.00458383, '09399592-n': 0.00303098, '09332890-n': 0.00180889, '03792782-n': 0.00161726, '09246464-n': 0.0013413000000000001, '04366367-n': 0.00125506, '04326547-n': 0.00103401, '03792972-n': 0.000997179}","{'valley, vale': 0.902327, 'alp': 0.0759696, 'volcano': 0.00458383, 'promontory, headland, head, foreland': 0.00303098, 'lakeside, lakeshore': 0.00180889, 'mountain bike, all-terrain bike, off-roader': 0.00161726, 'cliff, drop, drop-off': 0.0013413000000000001, 'suspension bridge': 0.00125506, 'stone wall': 0.00103401, 'mountain tent': 0.000997179}",09193705-n,0.0759696,alp,7.6,0.53,10,4.805555555555555
90,mountain,11,"{'09193705-n': 0.850543, '09472597-n': 0.13788699999999998, '09468604-n': 0.00443166, '09399592-n': 0.00421286, '09246464-n': 0.00123494, '03792972-n': 0.000455063, '09428293-n': 0.000279188, '01698640-n': 0.00018564799999999998, '02814860-n': 8.00342e-05, '09332890-n': 6.98664e-05}","{'alp': 0.850543, 'volcano': 0.13788699999999998, 'valley, vale': 0.00443166, 'promontory, headland, head, foreland': 0.00421286, 'cliff, drop, drop-off': 0.00123494, 'mountain tent': 0.000455063, 'seashore, coast, seacoast, sea-coast': 0.000279188, 'American alligator, Alligator mississipiensis': 0.00018564799999999998, 'beacon, lighthouse, beacon light, pharos': 8.00342e-05, 'lakeside, lakeshore': 6.98664e-05}",09193705-n,0.850543,alp,85.05,5.95,11,6.5
91,mountain,12,"{'09193705-n': 0.799358, '09468604-n': 0.198473, '03792972-n': 0.00075639, '09246464-n': 0.000357189, '09472597-n': 0.000213983, '09332890-n': 0.000189751, '03792782-n': 0.000109875, '03733281-n': 8.469719999999999e-05, '02980441-n': 7.55838e-05, '02417914-n': 6.1895e-05}","{'alp': 0.799358, 'valley, vale': 0.198473, 'mountain tent': 0.00075639, 'cliff, drop, drop-off': 0.000357189, 'volcano': 0.000213983, 'lakeside, lakeshore': 0.000189751, 'mountain bike, all-terrain bike, off-roader': 0.000109875, 'maze, labyrinth': 8.469719999999999e-05, 'castle': 7.55838e-05, 'ibex, Capra ibex': 6.1895e-05}",09193705-n,0.799358,alp,79.94,5.6,12,6.222222222222222
92,mountain,13,"{'09246464-n': 0.786359, '09399592-n': 0.09859169999999999, '09193705-n': 0.0434467, '09468604-n': 0.030264299999999997, '03781244-n': 0.012828899999999999, '02980441-n': 0.0122616, '09428293-n': 0.00658707, '03042490-n': 0.00567308, '09332890-n': 0.00148059, '03743016-n': 0.000280757}","{'cliff, drop, drop-off': 0.786359, 'promontory, headland, head, foreland': 0.09859169999999999, 'alp': 0.0434467, 'valley, vale': 0.030264299999999997, 'monastery': 0.012828899999999999, 'castle': 0.0122616, 'seashore, coast, seacoast, sea-coast': 0.00658707, 'cliff dwelling': 0.00567308, 'lakeside, lakeshore': 0.00148059, 'megalith, megalithic structure': 0.000280757}",09193705-n,0.0434467,alp,4.34,0.3,13,4.277777777777778
93,mountain,14,"{'09193705-n': 0.6498689999999999, '09472597-n': 0.200477, '09468604-n': 0.0982009, '09246464-n': 0.030718799999999997, '09399592-n': 0.0137202, '03792972-n': 0.00140746, '09288635-n': 0.00104021, '09428293-n': 0.000517777, '02361337-n': 0.00039505, '02417914-n': 0.00036924}","{'alp': 0.6498689999999999, 'volcano': 0.200477, 'valley, vale': 0.0982009, 'cliff, drop, drop-off': 0.030718799999999997, 'promontory, headland, head, foreland': 0.0137202, 'mountain tent': 0.00140746, 'geyser': 0.00104021, 'seashore, coast, seacoast, sea-coast': 0.000517777, 'marmot': 0.00039505, 'ibex, Capra ibex': 0.00036924}",09193705-n,0.6498689999999999,alp,64.99,4.55,14,5.944444444444445
94,mountain,15,"{'09472597-n': 0.101719, '02641379-n': 0.054693200000000004, '09193705-n': 0.0543605, '01665541-n': 0.0470145, '01978455-n': 0.037188, '02066245-n': 0.0352146, '01601694-n': 0.0330046, '02011460-n': 0.027791700000000003, '01685808-n': 0.024601400000000002, '01855032-n': 0.024193400000000004}","{'volcano': 0.101719, 'gar, garfish, garpike, billfish, Lepisosteus osseus': 0.054693200000000004, 'alp': 0.0543605, 'leatherback turtle, leatherback, leathery turtle, Dermochelys coriacea': 0.0470145, 'rock crab, Cancer irroratus': 0.037188, 'grey whale, gray whale, devilfish, Eschrichtius gibbosus, Eschrichtius robustus': 0.0352146, 'water ouzel, dipper': 0.0330046, 'bittern': 0.027791700000000003, 'whiptail, whiptail lizard': 0.024601400000000002, 'red-breasted merganser, Mergus serrator': 0.024193400000000004}",09193705-n,0.0543605,alp,5.44,0.38,15,5.777777777777778
95,mountain,16,"{'09193705-n': 0.215858, '04467665-n': 0.154806, '02410509-n': 0.08966, '02793495-n': 0.06745069999999999, '04465501-n': 0.057426599999999994, '09468604-n': 0.053667599999999996, '03967562-n': 0.0492734, '03496892-n': 0.040194, '04604644-n': 0.0393079, '04428191-n': 0.0273051}","{'alp': 0.215858, 'trailer truck, tractor trailer, trucking rig, rig, articulated lorry, semi': 0.154806, 'bison': 0.08966, 'barn': 0.06745069999999999, 'tractor': 0.057426599999999994, 'valley, vale': 0.053667599999999996, 'plow, plough': 0.0492734, 'harvester, reaper': 0.040194, 'worm fence, snake fence, snake-rail fence, Virginia fence': 0.0393079, 'thresher, thrasher, threshing machine': 0.0273051}",09193705-n,0.215858,alp,21.59,1.51,16,6.277777777777778
96,mug,1,"{'03937543-n': 0.998742, '03063599-n': 0.0006677930000000001, '04357314-n': 0.000215443, '03843555-n': 6.9955e-05, '07930864-n': 5.74303e-05, '15075141-n': 5.1576700000000004e-05, '03690938-n': 5.0277e-05, '04579145-n': 3.28281e-05, '03314780-n': 3.15492e-05, '03733805-n': 2.63556e-05}","{'pill bottle': 0.998742, 'coffee mug': 0.0006677930000000001, 'sunscreen, sunblock, sun blocker': 0.000215443, 'oil filter': 6.9955e-05, 'cup': 5.74303e-05, 'toilet tissue, toilet paper, bathroom tissue': 5.1576700000000004e-05, 'lotion': 5.0277e-05, 'whiskey jug': 3.28281e-05, 'face powder': 3.15492e-05, 'measuring cup': 2.63556e-05}",03063599-n,0.0006677930000000001,coffee mug,0.07,0.0,1,3.9444444444444446
97,mug,2,"{'03063599-n': 0.49139700000000003, '07930864-n': 0.33483, '02840245-n': 0.030587200000000002, '03950228-n': 0.028197500000000004, '02815834-n': 0.0165635, '04560804-n': 0.0117714, '03666591-n': 0.00963711, '03938244-n': 0.00905632, '03063689-n': 0.00762945, '03733805-n': 0.00435358}","{'coffee mug': 0.49139700000000003, 'cup': 0.33483, 'binder, ring-binder': 0.030587200000000002, 'pitcher, ewer': 0.028197500000000004, 'beaker': 0.0165635, 'water jug': 0.0117714, 'lighter, light, igniter, ignitor': 0.00963711, 'pillow': 0.00905632, 'coffeepot': 0.00762945, 'measuring cup': 0.00435358}",03063599-n,0.491397,coffee mug,49.14,3.44,2,4.75
98,mug,3,"{'03775546-n': 0.19926300000000002, '04263257-n': 0.157594, '03733805-n': 0.0992485, '03920288-n': 0.068549, '07584110-n': 0.063625, '07930864-n': 0.03628680000000001, '03259280-n': 0.0254111, '03314780-n': 0.018553200000000002, '02808440-n': 0.0158995, '03400231-n': 0.0141756}","{'mixing bowl': 0.19926300000000002, 'soup bowl': 0.157594, 'measuring cup': 0.0992485, 'Petri dish': 0.068549, 'consomme': 0.063625, 'cup': 0.03628680000000001, 'Dutch oven': 0.0254111, 'face powder': 0.018553200000000002, 'bathtub, bathing tub, bath, tub': 0.0158995, 'frying pan, frypan, skillet': 0.0141756}",03063599-n,0.0,coffee mug,0.0,0.0,3,3.0
99,mug,4,"{'03814639-n': 0.29640500000000003, '04447861-n': 0.16677999999999998, '03803284-n': 0.08803589999999999, '03125729-n': 0.07496810000000001, '02910353-n': 0.0482987, '03970156-n': 0.0214764, None: 0.018500700000000002, '04579432-n': 0.0165611, '03532672-n': 0.0149939, '03075370-n': 0.014047299999999999}","{'neck brace': 0.29640500000000003, 'toilet seat': 0.16677999999999998, 'muzzle': 0.08803589999999999, 'cradle': 0.07496810000000001, 'buckle': 0.0482987, ""plunger, plumber's helper"": 0.0214764, ""potter's wheel"": 0.018500700000000002, 'whistle': 0.0165611, 'hook, claw': 0.0149939, 'combination lock': 0.014047299999999999}",03063599-n,0.0,coffee mug,0.0,0.0,4,4.5
100,mug,5,"{'07930864-n': 0.578329, '03063599-n': 0.21181399999999997, '04560804-n': 0.0233758, '04263257-n': 0.021281, '03775546-n': 0.016862900000000004, '03733805-n': 0.0139762, '03786901-n': 0.00952502, '03950228-n': 0.00927045, '07920052-n': 0.00905319, '04009552-n': 0.00593534}","{'cup': 0.578329, 'coffee mug': 0.21181399999999997, 'water jug': 0.0233758, 'soup bowl': 0.021281, 'mixing bowl': 0.016862900000000004, 'measuring cup': 0.0139762, 'mortar': 0.00952502, 'pitcher, ewer': 0.00927045, 'espresso': 0.00905319, 'projector': 0.00593534}",03063599-n,0.211814,coffee mug,21.18,1.48,5,4.666666666666667
101,mug,6,"{'04579145-n': 0.46464700000000003, '03063599-n': 0.406642, '07930864-n': 0.073852, '04560804-n': 0.0426285, '03950228-n': 0.00373691, '03733805-n': 0.00243016, '02815834-n': 0.00214638, '03297495-n': 0.00190312, '03063689-n': 0.0009931410000000001, '02823750-n': 0.0005724619999999999}","{'whiskey jug': 0.46464700000000003, 'coffee mug': 0.406642, 'cup': 0.073852, 'water jug': 0.0426285, 'pitcher, ewer': 0.00373691, 'measuring cup': 0.00243016, 'beaker': 0.00214638, 'espresso maker': 0.00190312, 'coffeepot': 0.0009931410000000001, 'beer glass': 0.0005724619999999999}",03063599-n,0.406642,coffee mug,40.66,2.85,6,5.138888888888889
102,mug,7,"{'04579145-n': 0.930008, '04560804-n': 0.0248793, '03063599-n': 0.019568000000000002, '03950228-n': 0.018398400000000002, '07930864-n': 0.00317447, '04398044-n': 0.00182774, '03733805-n': 0.00107834, '07920052-n': 0.000529917, '03063689-n': 0.00016884299999999998, '07932039-n': 0.000135995}","{'whiskey jug': 0.930008, 'water jug': 0.0248793, 'coffee mug': 0.019568000000000002, 'pitcher, ewer': 0.018398400000000002, 'cup': 0.00317447, 'teapot': 0.00182774, 'measuring cup': 0.00107834, 'espresso': 0.000529917, 'coffeepot': 0.00016884299999999998, 'eggnog': 0.000135995}",03063599-n,0.019568,coffee mug,1.96,0.14,7,6.222222222222222
103,mug,8,"{'07930864-n': 0.7720739999999999, '03063599-n': 0.172271, '03733805-n': 0.0170955, '03950228-n': 0.016539599999999998, '04560804-n': 0.00844698, '04579145-n': 0.00573841, '03063689-n': 0.00443577, '04398044-n': 0.00176532, '07920052-n': 0.0005078109999999999, '03297495-n': 0.000194871}","{'cup': 0.7720739999999999, 'coffee mug': 0.172271, 'measuring cup': 0.0170955, 'pitcher, ewer': 0.016539599999999998, 'water jug': 0.00844698, 'whiskey jug': 0.00573841, 'coffeepot': 0.00443577, 'teapot': 0.00176532, 'espresso': 0.0005078109999999999, 'espresso maker': 0.000194871}",03063599-n,0.172271,coffee mug,17.23,1.21,8,6.194444444444445
104,mug,9,"{'07930864-n': 0.49354, '04553703-n': 0.111356, '03063599-n': 0.0983328, '03950228-n': 0.0462567, '04493381-n': 0.0397517, '02808440-n': 0.037108999999999996, '04447861-n': 0.029948900000000004, '03775546-n': 0.0287474, '04560804-n': 0.0205282, '03733805-n': 0.0191884}","{'cup': 0.49354, 'washbasin, handbasin, washbowl, lavabo, wash-hand basin': 0.111356, 'coffee mug': 0.0983328, 'pitcher, ewer': 0.0462567, 'tub, vat': 0.0397517, 'bathtub, bathing tub, bath, tub': 0.037108999999999996, 'toilet seat': 0.029948900000000004, 'mixing bowl': 0.0287474, 'water jug': 0.0205282, 'measuring cup': 0.0191884}",03063599-n,0.0983328,coffee mug,9.83,0.69,9,2.9166666666666665
105,mug,10,"{'07930864-n': 0.789365, '03063599-n': 0.12628, '07932039-n': 0.026954500000000003, '03733805-n': 0.00827629, '03775546-n': 0.00708334, '03950228-n': 0.00583402, '02823750-n': 0.00454422, '02948072-n': 0.004159, '04560804-n': 0.0038090000000000003, '04332243-n': 0.00373581}","{'cup': 0.789365, 'coffee mug': 0.12628, 'eggnog': 0.026954500000000003, 'measuring cup': 0.00827629, 'mixing bowl': 0.00708334, 'pitcher, ewer': 0.00583402, 'beer glass': 0.00454422, 'candle, taper, wax light': 0.004159, 'water jug': 0.0038090000000000003, 'strainer': 0.00373581}",03063599-n,0.12628,coffee mug,12.63,0.88,10,6.083333333333333
106,mug,11,"{'03063689-n': 0.354558, '03063599-n': 0.286634, '03950228-n': 0.12039100000000001, '04560804-n': 0.050913400000000004, '07930864-n': 0.036972000000000005, '04398044-n': 0.031506099999999995, '04131690-n': 0.023120500000000002, '04522168-n': 0.0214938, '04579145-n': 0.0131453, '04254120-n': 0.00598217}","{'coffeepot': 0.354558, 'coffee mug': 0.286634, 'pitcher, ewer': 0.12039100000000001, 'water jug': 0.050913400000000004, 'cup': 0.036972000000000005, 'teapot': 0.031506099999999995, 'saltshaker, salt shaker': 0.023120500000000002, 'vase': 0.0214938, 'whiskey jug': 0.0131453, 'soap dispenser': 0.00598217}",03063599-n,0.286634,coffee mug,28.66,2.01,11,6.111111111111111
107,mug,12,"{'07930864-n': 0.252753, '03950228-n': 0.19792, '03063689-n': 0.167189, '04560804-n': 0.14240999999999998, '04398044-n': 0.12745599999999999, '03063599-n': 0.0449206, '03733805-n': 0.013749100000000002, '04579145-n': 0.013246100000000002, '03786901-n': 0.00551865, '04131690-n': 0.00426801}","{'cup': 0.252753, 'pitcher, ewer': 0.19792, 'coffeepot': 0.167189, 'water jug': 0.14240999999999998, 'teapot': 0.12745599999999999, 'coffee mug': 0.0449206, 'measuring cup': 0.013749100000000002, 'whiskey jug': 0.013246100000000002, 'mortar': 0.00551865, 'saltshaker, salt shaker': 0.00426801}",03063599-n,0.0449206,coffee mug,4.49,0.31,12,6.222222222222222
108,mug,13,"{'07920052-n': 0.812187, '07930864-n': 0.07349030000000001, '07932039-n': 0.0389767, '04579145-n': 0.0223832, '07892512-n': 0.0106561, '03063599-n': 0.00977166, '04560804-n': 0.00704087, '03297495-n': 0.00700317, '03950228-n': 0.00444571, '02823750-n': 0.00388021}","{'espresso': 0.812187, 'cup': 0.07349030000000001, 'eggnog': 0.0389767, 'whiskey jug': 0.0223832, 'red wine': 0.0106561, 'coffee mug': 0.00977166, 'water jug': 0.00704087, 'espresso maker': 0.00700317, 'pitcher, ewer': 0.00444571, 'beer glass': 0.00388021}",03063599-n,0.00977166,coffee mug,0.98,0.07,13,4.777777777777778
109,mug,14,"{'03063689-n': 0.318758, '07930864-n': 0.292985, '03063599-n': 0.12093699999999999, '03950228-n': 0.0834492, '04398044-n': 0.06722819999999999, '03297495-n': 0.0613906, '04579145-n': 0.021630200000000002, '04560804-n': 0.018630599999999997, '04254120-n': 0.0100134, '07920052-n': 0.0016919}","{'coffeepot': 0.318758, 'cup': 0.292985, 'coffee mug': 0.12093699999999999, 'pitcher, ewer': 0.0834492, 'teapot': 0.06722819999999999, 'espresso maker': 0.0613906, 'whiskey jug': 0.021630200000000002, 'water jug': 0.018630599999999997, 'soap dispenser': 0.0100134, 'espresso': 0.0016919}",03063599-n,0.120937,coffee mug,12.09,0.85,14,6.388888888888889
110,mug,15,"{'03063599-n': 0.558327, '07930864-n': 0.144567, '03950228-n': 0.09343910000000001, '03991062-n': 0.07413739999999999, '03063689-n': 0.027867700000000002, '03297495-n': 0.0244704, '03733805-n': 0.0203048, '03786901-n': 0.0108848, '07920052-n': 0.010075200000000001, '02909870-n': 0.00735185}","{'coffee mug': 0.558327, 'cup': 0.144567, 'pitcher, ewer': 0.09343910000000001, 'pot, flowerpot': 0.07413739999999999, 'coffeepot': 0.027867700000000002, 'espresso maker': 0.0244704, 'measuring cup': 0.0203048, 'mortar': 0.0108848, 'espresso': 0.010075200000000001, 'bucket, pail': 0.00735185}",03063599-n,0.558327,coffee mug,55.83,3.91,15,6.166666666666667
111,mug,16,"{'03063599-n': 0.620102, '07930864-n': 0.259407, '03733805-n': 0.033578699999999996, '04579145-n': 0.0240693, '07920052-n': 0.023941099999999996, '03950228-n': 0.0214044, '04560804-n': 0.00292173, '04522168-n': 0.00200757, '02815834-n': 0.00180649, '03062245-n': 0.0017446999999999999}","{'coffee mug': 0.620102, 'cup': 0.259407, 'measuring cup': 0.033578699999999996, 'whiskey jug': 0.0240693, 'espresso': 0.023941099999999996, 'pitcher, ewer': 0.0214044, 'water jug': 0.00292173, 'vase': 0.00200757, 'beaker': 0.00180649, 'cocktail shaker': 0.0017446999999999999}",03063599-n,0.620102,coffee mug,62.01,4.34,16,5.138888888888889
112,plane,1,"{'02690373-n': 0.794895, '04592741-n': 0.20368699999999998, '04552348-n': 0.00136229, '04266014-n': 2.92309e-05, '03773504-n': 1.91735e-05, '04008634-n': 7.782619999999999e-06, '03255030-n': 0.0, '07831146-n': 0.0, '04325704-n': 0.0, '04116512-n': 0.0}","{'airliner': 0.794895, 'wing': 0.20368699999999998, 'warplane, military plane': 0.00136229, 'space shuttle': 2.92309e-05, 'missile': 1.91735e-05, 'projectile, missile': 7.782619999999999e-06, 'dumbbell': 0.0, 'carbonara': 0.0, 'stole': 0.0, 'rubber eraser, rubber, pencil eraser': 0.0}",02690373-n,0.794895,airliner,79.49,5.56,1,6.611111111111111
113,plane,2,"{'02690373-n': 0.939321, '04592741-n': 0.0386971, '04552348-n': 0.00898358, '04266014-n': 0.00419727, '04483307-n': 0.00241551, '04273569-n': 0.000986692, '03773504-n': 0.000900757, '02692877-n': 0.000900693, '02687172-n': 0.0008468560000000001, '02981792-n': 0.000744023}","{'airliner': 0.939321, 'wing': 0.0386971, 'warplane, military plane': 0.00898358, 'space shuttle': 0.00419727, 'trimaran': 0.00241551, 'speedboat': 0.000986692, 'missile': 0.000900757, 'airship, dirigible': 0.000900693, 'aircraft carrier, carrier, flattop, attack aircraft carrier': 0.0008468560000000001, 'catamaran': 0.000744023}",02690373-n,0.939321,airliner,93.93,6.58,2,5.222222222222222
114,plane,3,"{'04376876-n': 0.292596, '03461385-n': 0.151929, '04200800-n': 0.0892613, '04443257-n': 0.0781058, '03089624-n': 0.037853899999999996, '04462240-n': 0.023478, '02906734-n': 0.0181639, '04154565-n': 0.012865799999999998, '03876231-n': 0.0118624, '02823428-n': 0.011219}","{'syringe': 0.292596, 'grocery store, grocery, food market, market': 0.151929, 'shoe shop, shoe-shop, shoe store': 0.0892613, 'tobacco shop, tobacconist shop, tobacconist': 0.0781058, 'confectionery, confectionary, candy store': 0.037853899999999996, 'toyshop': 0.023478, 'broom': 0.0181639, 'screwdriver': 0.012865799999999998, 'paintbrush': 0.0118624, 'beer bottle': 0.011219}",02690373-n,0.0,airliner,0.0,0.0,3,5.944444444444445
115,plane,4,"{'04266014-n': 0.700098, '04008634-n': 0.136127, '03773504-n': 0.126056, '02690373-n': 0.012506, '04483307-n': 0.00540195, '04552348-n': 0.00326667, '02981792-n': 0.00255618, '02692877-n': 0.00163389, '02950826-n': 0.00132394, '04612504-n': 0.00124336}","{'space shuttle': 0.700098, 'projectile, missile': 0.136127, 'missile': 0.126056, 'airliner': 0.012506, 'trimaran': 0.00540195, 'warplane, military plane': 0.00326667, 'catamaran': 0.00255618, 'airship, dirigible': 0.00163389, 'cannon': 0.00132394, 'yawl': 0.00124336}",02690373-n,0.012506,airliner,1.25,0.09,4,3.8333333333333335
116,plane,5,"{'02690373-n': 0.5806319999999999, '04552348-n': 0.228967, '04592741-n': 0.120959, '04008634-n': 0.0299128, '03773504-n': 0.016828700000000002, '04266014-n': 0.00558403, '03888257-n': 0.00539271, '02687172-n': 0.00220457, '02692877-n': 0.00197008, '03976657-n': 0.00110144}","{'airliner': 0.5806319999999999, 'warplane, military plane': 0.228967, 'wing': 0.120959, 'projectile, missile': 0.0299128, 'missile': 0.016828700000000002, 'space shuttle': 0.00558403, 'parachute, chute': 0.00539271, 'aircraft carrier, carrier, flattop, attack aircraft carrier': 0.00220457, 'airship, dirigible': 0.00197008, 'pole': 0.00110144}",02690373-n,0.5806319999999999,airliner,58.06,4.06,5,5.083333333333333
117,plane,6,"{'02690373-n': 0.8867430000000001, '02687172-n': 0.030883099999999997, '03126707-n': 0.0192143, '04592741-n': 0.0166385, '04552348-n': 0.012905400000000001, '03216828-n': 0.00992384, '03947888-n': 0.00414992, '03240683-n': 0.00242719, '09428293-n': 0.00191144, '03673027-n': 0.00188039}","{'airliner': 0.8867430000000001, 'aircraft carrier, carrier, flattop, attack aircraft carrier': 0.030883099999999997, 'crane': 0.0192143, 'wing': 0.0166385, 'warplane, military plane': 0.012905400000000001, 'dock, dockage, docking facility': 0.00992384, 'pirate, pirate ship': 0.00414992, 'drilling platform, offshore rig': 0.00242719, 'seashore, coast, seacoast, sea-coast': 0.00191144, 'liner, ocean liner': 0.00188039}",02690373-n,0.8867430000000001,airliner,88.67,6.21,6,6.472222222222222
118,plane,7,"{'02690373-n': 0.604527, '04266014-n': 0.22753800000000002, '04552348-n': 0.0582941, '03773504-n': 0.0258151, '04592741-n': 0.0229672, '04008634-n': 0.0170509, '02317335-n': 0.0164453, '03837869-n': 0.0111692, '02687172-n': 0.00383797, '03240683-n': 0.00275473}","{'airliner': 0.604527, 'space shuttle': 0.22753800000000002, 'warplane, military plane': 0.0582941, 'missile': 0.0258151, 'wing': 0.0229672, 'projectile, missile': 0.0170509, 'starfish, sea star': 0.0164453, 'obelisk': 0.0111692, 'aircraft carrier, carrier, flattop, attack aircraft carrier': 0.00383797, 'drilling platform, offshore rig': 0.00275473}",02690373-n,0.604527,airliner,60.45,4.23,7,6.611111111111111
119,plane,8,"{'03584829-n': 0.168521, '03793489-n': 0.0517568, '04118776-n': 0.0474643, '03840681-n': 0.039897699999999994, '04507155-n': 0.0385147, '03908618-n': 0.03307569999999999, '04517823-n': 0.0322726, '03271574-n': 0.0310806, '04204347-n': 0.0294654, '03272010-n': 0.0289116}","{'iron, smoothing iron': 0.168521, 'mouse, computer mouse': 0.0517568, 'rule, ruler': 0.0474643, 'ocarina, sweet potato': 0.039897699999999994, 'umbrella': 0.0385147, 'pencil box, pencil case': 0.03307569999999999, 'vacuum, vacuum cleaner': 0.0322726, 'electric fan, blower': 0.0310806, 'shopping cart': 0.0294654, 'electric guitar': 0.0289116}",02690373-n,0.0,airliner,0.0,0.0,8,3.3333333333333335
120,plane,9,"{'02690373-n': 0.797421, '04592741-n': 0.178763, '04552348-n': 0.023454, '03773504-n': 0.000185571, '04008634-n': 0.00013442899999999998, '04266014-n': 3.79056e-05, '04336792-n': 4.313590000000001e-06, '03255030-n': 0.0, '07831146-n': 0.0, '04325704-n': 0.0}","{'airliner': 0.797421, 'wing': 0.178763, 'warplane, military plane': 0.023454, 'missile': 0.000185571, 'projectile, missile': 0.00013442899999999998, 'space shuttle': 3.79056e-05, 'stretcher': 4.313590000000001e-06, 'dumbbell': 0.0, 'carbonara': 0.0, 'stole': 0.0}",02690373-n,0.797421,airliner,79.74,5.58,9,5.527777777777778
121,plane,10,"{'02690373-n': 0.8531709999999999, '04592741-n': 0.11407300000000001, '04552348-n': 0.0317416, '04266014-n': 0.000528623, '03773504-n': 0.000261193, '02692877-n': 9.85996e-05, '04008634-n': 9.04096e-05, '02687172-n': 3.52867e-05, '03255030-n': 0.0, '07831146-n': 0.0}","{'airliner': 0.8531709999999999, 'wing': 0.11407300000000001, 'warplane, military plane': 0.0317416, 'space shuttle': 0.000528623, 'missile': 0.000261193, 'airship, dirigible': 9.85996e-05, 'projectile, missile': 9.04096e-05, 'aircraft carrier, carrier, flattop, attack aircraft carrier': 3.52867e-05, 'dumbbell': 0.0, 'carbonara': 0.0}",02690373-n,0.8531709999999999,airliner,85.32,5.97,10,6.722222222222222
122,plane,11,"{'02690373-n': 0.48173999999999995, '04592741-n': 0.148844, '02058221-n': 0.08166960000000001, '04008634-n': 0.0463269, '04552348-n': 0.042043199999999996, '03773504-n': 0.0412677, '01494475-n': 0.0301876, '04483307-n': 0.0167051, '02687172-n': 0.0121321, '04266014-n': 0.00905624}","{'airliner': 0.48173999999999995, 'wing': 0.148844, 'albatross, mollymawk': 0.08166960000000001, 'projectile, missile': 0.0463269, 'warplane, military plane': 0.042043199999999996, 'missile': 0.0412677, 'hammerhead, hammerhead shark': 0.0301876, 'trimaran': 0.0167051, 'aircraft carrier, carrier, flattop, attack aircraft carrier': 0.0121321, 'space shuttle': 0.00905624}",02690373-n,0.48174,airliner,48.17,3.37,11,3.638888888888889
123,plane,12,"{'04592741-n': 0.318848, '03874293-n': 0.162182, '02690373-n': 0.113196, '04552348-n': 0.08889019999999999, '03355925-n': 0.0568033, '04228054-n': 0.0545853, '03126707-n': 0.0451299, '03773504-n': 0.0383445, '04008634-n': 0.0227898, '03976657-n': 0.018425900000000002}","{'wing': 0.318848, 'paddlewheel, paddle wheel': 0.162182, 'airliner': 0.113196, 'warplane, military plane': 0.08889019999999999, 'flagpole, flagstaff': 0.0568033, 'ski': 0.0545853, 'crane': 0.0451299, 'missile': 0.0383445, 'projectile, missile': 0.0227898, 'pole': 0.018425900000000002}",02690373-n,0.113196,airliner,11.32,0.79,12,4.888888888888889
124,plane,13,"{'04552348-n': 0.145282, '04065272-n': 0.140773, '04592741-n': 0.140152, '04336792-n': 0.07903489999999999, '04461696-n': 0.0775182, '02690373-n': 0.057364599999999995, '04285008-n': 0.0458184, '03769881-n': 0.0371879, '02704792-n': 0.036519, '04037443-n': 0.0339848}","{'warplane, military plane': 0.145282, 'recreational vehicle, RV, R.V.': 0.140773, 'wing': 0.140152, 'stretcher': 0.07903489999999999, 'tow truck, tow car, wrecker': 0.0775182, 'airliner': 0.057364599999999995, 'sports car, sport car': 0.0458184, 'minibus': 0.0371879, 'amphibian, amphibious vehicle': 0.036519, 'racer, race car, racing car': 0.0339848}",02690373-n,0.0573646,airliner,5.74,0.4,13,5.333333333333333
125,plane,14,"{'03933933-n': 0.352139, '03160309-n': 0.291537, '04311004-n': 0.145052, '04347754-n': 0.041543300000000005, '04366367-n': 0.03699330000000001, '03874293-n': 0.0218083, '04606251-n': 0.014799200000000002, '02788148-n': 0.0112704, '03961711-n': 0.00739874, '03344393-n': 0.00726748}","{'pier': 0.352139, 'dam, dike, dyke': 0.291537, 'steel arch bridge': 0.145052, 'submarine, pigboat, sub, U-boat': 0.041543300000000005, 'suspension bridge': 0.03699330000000001, 'paddlewheel, paddle wheel': 0.0218083, 'wreck': 0.014799200000000002, 'bannister, banister, balustrade, balusters, handrail': 0.0112704, 'plate rack': 0.00739874, 'fireboat': 0.00726748}",02690373-n,0.0,airliner,0.0,0.0,14,4.166666666666667
126,plane,15,"{'04273569-n': 0.9261280000000001, '04483307-n': 0.042243300000000004, '02981792-n': 0.0159208, '02951358-n': 0.00249835, '03873416-n': 0.00241146, '02704792-n': 0.00158919, '02690373-n': 0.00126975, '09421951-n': 0.00121786, '04612504-n': 0.00094207, '04552348-n': 0.0007636569999999999}","{'speedboat': 0.9261280000000001, 'trimaran': 0.042243300000000004, 'catamaran': 0.0159208, 'canoe': 0.00249835, 'paddle, boat paddle': 0.00241146, 'amphibian, amphibious vehicle': 0.00158919, 'airliner': 0.00126975, 'sandbar, sand bar': 0.00121786, 'yawl': 0.00094207, 'warplane, military plane': 0.0007636569999999999}",02690373-n,0.00126975,airliner,0.13,0.01,15,3.9722222222222223
127,plane,16,"{'04008634-n': 0.20134000000000002, '04266014-n': 0.18748299999999998, '03773504-n': 0.163286, '04592741-n': 0.140229, '02690373-n': 0.13786700000000002, '04552348-n': 0.136768, '01494475-n': 0.00845594, '02687172-n': 0.00828875, '04483307-n': 0.00666841, '01491361-n': 0.00170298}","{'projectile, missile': 0.20134000000000002, 'space shuttle': 0.18748299999999998, 'missile': 0.163286, 'wing': 0.140229, 'airliner': 0.13786700000000002, 'warplane, military plane': 0.136768, 'hammerhead, hammerhead shark': 0.00845594, 'aircraft carrier, carrier, flattop, attack aircraft carrier': 0.00828875, 'trimaran': 0.00666841, 'tiger shark, Galeocerdo cuvieri': 0.00170298}",02690373-n,0.13786700000000002,airliner,13.79,0.97,16,6.5
